feature	PC1	PC2	PC3	PC4	PC5	PC6	PC7	PC8	PC9	PC10	PC11	PC12	PC13	PC14	PC15	PC16	PC17	PC18	PC19	PC20
CAR 16:0	1.7884409109272037	0.13740609707869195	0.04290743449959027	0.19849711953958682	0.6955754515055964	0.48984019168159426	0.21645271963164084	4.392677191133718	2.419248993309624	1.2651861215594282	0.008209280288403231	0.31114579669577974	0.006109941039861818	1.0212582437260267	1.039998424764976	3.6990748019137114	0.051413197462949006	16.23321097982798	0.03858719735935456	0.08406554077147045
CAR 18:1	0.9562503649600849	0.7221046101187637	0.943075492747093	0.13219217342766929	0.02093040277271513	0.011364577012471037	1.2525872981648678	5.754262863495956	0.008063914220137169	3.6664864047910415	4.262028841444285	0.7040667059173441	1.887131325785512	1.6078512057816037	1.8907343387710662	0.04894626965898399	0.14944520064169328	2.9333030760909757	0.6670274946982344	0.9231175460797593
CAR 18:2	2.3655135588226988	0.10476360881938053	0.05864077202787147	0.006085234052153919	0.02080598035240016	0.08740674438800815	0.01575877203591034	2.4799206744558826	1.516459721330601	2.1447906182330603	1.1315727727497773	0.9340989689968966	0.029078696146329915	3.0661952561381476	0.1319232153503231	3.8723571784535786	0.018157888611104046	3.0562658563697638	5.056485806996415	0.5099954084115673
CE 18:1	0.13632910157741723	1.169029887790007	0.24975718717897116	2.6675738925885537	4.10934010605118	1.0868656336838483	0.12640836412828546	0.07908810671899776	0.5240490040645036	2.022793069488371	0.019084711033880788	0.5042809385167133	4.591248214371028	5.113129243673597	4.914400272953052e-4	7.568655427641338e-4	0.28974189416234314	0.1635849456470919	0.03406133661439819	0.12122114739374251
CE 18:2	1.3945811095503051	0.18206583928259945	0.20620961726331916	0.4399677911018751	2.8072815969476523	0.004365700817138972	0.1681599092843753	0.2551222823377407	6.3305203521920115	3.348070451813943	1.559204238890431	0.696483983469678	0.5059761749720381	0.3016612917361922	0.0014091150552896833	1.4584233458147742	1.1024104022958732	1.232791239767921	0.12328165366738289	0.156266041853754
Cer 40:1;O2	0.05570373278115088	0.7101023142012803	0.249562147768612	6.010673552754935	0.2516493603345943	2.271789434804037	0.10414437023755038	1.4211835016167322	2.8281096545821267	0.4162036340083876	1.7377663743110667	0.06267801093786866	3.5623808747376007	1.8113318171713804	0.05420622112772032	2.1063553774954094	0.6379263463780216	0.017081271040700632	1.5031342303572908	0.012581131941306748
Cer 41:1;O2	0.16166760345157172	0.11301393899189725	4.7029840778102045e-4	6.2021063905754055	2.110567841304187	1.2020247085591709	1.0099295120952738	0.009941229894181869	0.26306738153793824	3.309271666744416	0.4422515452447037	2.0935625693994857	0.1959031032844097	5.796736446007772	3.8696315449655385	0.04217646960244055	1.7568930705670303	0.08577042741776189	1.17608976057528	0.1554949830820223
Cer 42:2;O2	0.010288984210387627	0.35038845719249395	1.9131694180985348	0.22433495332570438	0.5229153098595578	4.431099972950203	0.027205859659990048	0.09100570050822646	2.5877450450566903	5.554771308839602	2.604227545222717	2.881236006971868	1.7945575769089057	8.097614882215954	0.21922427153930243	1.824722391138181	0.31662990294824717	4.327951112662231	0.16016145050171848	3.9143406499031745
DG 34:1	1.7031409971547282	1.2186572253386723	0.7453349937013147	0.2632767612070665	0.1583359274500355	1.5971211594408758	0.007956014879477431	0.5353551567503986	0.675585068144578	1.5145399794118908	0.05463520931526632	0.8211536037207309	0.053826881612397105	0.7891636699049981	0.1682975414114495	0.5386565541489189	1.37712568274452	0.20072328384331886	2.898342207641505	0.010874913893654135
DG 36:2	0.9371868824504299	1.8960643387439142	0.22305799337605908	0.2006791099939195	0.03999157725360903	1.345704904359523	0.9692033305560186	1.6684118965202483	1.3856257088789912	0.002670000248763623	0.13540433522538944	0.01214717275355871	0.5435899834818834	3.077035919329733	1.1511593081015008	0.2564727421628892	11.256554161606395	0.9801294769064941	0.02099117789286574	1.3901930884843443
DG 36:3	0.6865968744949581	0.5529230643304792	3.487126525631739	0.6376485100565538	0.3633431847250599	1.119737142685036	1.4937025089075717	0.9626030019548447	0.717923593119205	0.2595204218212691	0.708609753974535	3.726670729930697e-4	1.0612584941738143	3.099322358305512	0.2099147836901549	1.3382337178041996	5.7355470836740166	0.021670761071304907	0.12177496268420937	1.0247722066380782
FA 14:0	0.92811231897792	0.25490953513970627	0.34934054910985773	3.819713553376673	1.4131914473257892	3.3791789380791033	0.28781773175488834	0.9955062721672399	0.007034020048309691	2.352245781350044	0.45337956257907464	0.002332190018109491	0.8657436118149805	0.04963145971200689	0.19870549573357701	0.8970002005853491	0.3263178641291177	0.1299652087756902	0.40263264303438434	1.804287619887536
FA 16:0	1.9469758596275162	0.22992465776596333	0.5607054844629403	0.6497633393079264	3.2575851033961936	0.8871454033506354	0.07918149981057589	0.4607783417236873	0.007769134015317417	0.1842204246283828	0.13934079303475005	0.03218136799268341	1.660690109534001	0.2876529070317421	0.0654926358934631	0.027058918270587054	0.04106574293200421	0.7417891148518737	0.8972984326960781	0.5483592181200686
FA 16:1	1.7687175251685243	0.5262480055220108	0.49768876895546327	0.5365948121495004	1.2894276385607872	3.117767126160697	0.5991296842600038	0.49115352766756404	0.1271841270872258	0.01842044670940393	0.3059134033135193	0.00236958324582234	0.9521032134996912	0.20833602804118748	0.004829219341207192	0.48164882425316025	1.3160039389291585	0.5280411941429151	0.08092942816304938	0.024209955381189682
FA 18:0	1.16963519276995	3.934529945803005e-4	1.8646103322286813	0.20855892466254278	3.597366105145421	0.9892837335612863	1.2497284428735975	0.1420454982489151	0.825196387696184	0.14973231159357978	1.2705541340817865	0.29802566450341367	1.0023377181010866	3.257458054019918	0.07787744442867482	0.5439122590623817	1.674323911833044	0.1247335946835076	0.82471729902042	0.18129165339928702
FA 18:1	1.978551596879261	0.4003375713739749	1.099674321315301	0.1625680655969543	1.5479686739087193	1.5637859520038635	0.7164150172801039	0.32030996156310604	0.008961959143490678	0.143247672043099	0.31977729800915766	0.1695799463562192	0.43048518115690065	0.4773978014471189	0.0033304198302057325	2.4009236187593497e-5	0.7742058274850195	1.3265101518677238	0.3162016897240137	0.695567929506673
FA 18:2	2.00365994726391	0.534669455488011	0.6333658695893163	0.12618944964404097	1.0434523011884216	1.6369642192112996	1.0310751713520065	0.8937264545047839	0.17532989422318768	0.47603176772048766	0.3118530699856728	0.008505612925520607	0.6663185939861601	0.061739008556156466	0.369985083341437	0.5855414637882839	0.022251191710759802	1.9324668186061027	0.02925475038436192	0.029913074278332893
FA 18:3	1.0259216186876123	0.09202355867206162	7.568739088174841e-4	0.4507350470827483	4.056648836516122	4.311315856516736	1.1402063234376922	2.7196855277988154	0.006022872794540021	0.32676247745573833	0.45487686152490264	0.459049730227977	0.1887187309026524	0.9318793896450606	0.0269205258158979	0.8908578828117553	0.08686169285223844	0.31396741555912927	0.08004469875700136	0.44148671013086527
FA 20:3	1.9800848281607308	0.4215296142817276	0.11937776073012894	0.054434500425864056	2.882874025854287	0.6612198918893868	0.4043756211565031	1.3550788588911262	0.06414215133340963	0.1387739341707163	0.11823196719146259	2.342256238345587	0.009100359615732339	0.029600358019296048	0.09965063676795576	2.0596733888632968	1.8064638513250713	0.3557733386270056	0.011945377076461431	0.08735275140494479
LPC 16:0	1.190094234954543	1.558125744783806	1.887058035926639	0.9056385852336293	0.04796572561657659	1.3777805562499144	0.34239417194344063	0.21139924877583036	0.0781631096701986	0.011511254876361737	0.8326435548575319	0.01795983491774988	0.20493762746526603	0.03925132261608295	0.03899410461370937	1.0888819065250117	1.466076043104978	0.3144188062756072	0.02126152968557981	0.7573384533002211
LPC 16:1	0.29117158784647995	7.786229908595064e-4	3.6083908466600967	2.1902976685506768	0.8700875244274471	0.5107133344490284	3.307257581711316	0.21238436980388856	0.09912451013363749	0.3789128059682124	0.5760329432346354	5.499372765722796	0.4082619445221587	0.0013109410615209905	3.6996768267001814	0.042237182218971686	1.1190130767130106	0.2003195517683383	1.648005129002677	0.36105122041446197
LPC 18:0	1.5682083131274864	1.1012898479024305	2.2399508455878103	0.06854254129776603	0.3548398072620723	1.0484914729862074	0.05703770441028902	0.01768405142776172	0.009001544928918198	0.12686511669913034	0.7579397940838244	0.32502264298183153	0.2277133594020661	0.05440587100998977	0.49652416621057033	0.8195455867850255	2.6591330357649072	1.1066286964038057	0.0039140222642365585	0.05791126724474756
LPC 18:1	0.006542718324927957	2.9452804388966696	0.4021918997158536	3.300088310085264	1.0264798907124801	0.1846558649200783	0.8971883656262524	0.22206965523843955	0.10752104815736005	0.8649012006240809	0.002182558636309685	0.027840579954808185	1.4976313543399482	0.0022866046853854353	1.2908157515331933	2.316954537512383e-5	0.05611795944815308	0.013004641660437055	0.4422744644409571	5.529633999864534
LPC 18:2	0.0030337888883638694	3.538985526987367e-5	1.387275755254111	6.644558416041181	3.115338048972586	0.02580202771951373	0.0016308748918187576	0.06260663522195549	0.02030093928016329	0.018753300446366358	4.590502835705363	1.9336625965742624	1.8798954100521301	0.11172400785633715	1.9078627258693168	0.12729837369592262	0.043680327460902675	2.3637478358724597	0.12340049904898712	0.6069716181710398
LPC 18:3	0.816818405894162	0.6549852077783936	3.587802524310888	0.13892297382995425	0.23628645966844186	2.2707610573734542	0.17404189194252812	1.279827177379791	0.001418197657375306	0.8919535625950492	1.8829808094433635	0.1285376823247869	1.2675933187637933	0.04249163566346473	0.27061290403652843	0.9645790881185694	1.396308503655652	2.408499255370072	1.3369521129045139	0.09820622256043164
LPC 20:3	0.49299247101433424	0.4128510340698011	0.1780824231902248	2.5184876962085894	0.22885441746864818	1.4996133505389013	0.14535083748136868	0.8339805020861025	11.136574157478659	2.585166125001485	2.293062449220893	0.4400392030327763	0.635430910556313	0.16620338446555405	0.26413251104300195	0.05586909138943672	2.8017979007509215	0.013443028872974374	3.6250737326452733	0.028593202844683904
LPC 20:4	0.0806198039166848	0.6845776996117191	1.5683092466832562	2.3701689856339905	4.079608221751996	0.817546771403113	1.7220214106795986	1.3759672785280195	1.2988281710405365	0.04646844912721196	0.8374195839570953	0.5900855870365598	1.8243059750497885	0.47556109423096754	0.0048167787616955554	0.2122930221055707	0.03706627604115267	0.4516190044463979	0.3397103185808055	0.08971803994469772
LPC 22:6	0.5290710351060344	0.6017919054268509	1.8177680326089152	0.30705012029329537	2.6770576879192456	0.013941717421224529	3.230210542970435	1.901886799382143	4.8005862333682516e-6	0.11006141009385276	3.587866912507686	2.3219465586805907	0.21361040373958864	0.17222166196691757	0.45466840141097076	0.24339940271862467	0.8816267837029389	1.0706566125402615	3.733228367752288	0.5117251615530264
LPC O-16:0	1.7800004060793893	0.4913391013283506	1.1831126213787302	1.0125889401976486e-4	0.07641864533442838	2.3936076387731146e-4	0.0021473672504508275	0.255794203297747	1.1722339085652913	0.2287175545467639	7.406453944850512	0.013007372008143612	2.359919720641932	0.18759786080925	4.22345772790661	1.198495583577567	0.1675164616723523	1.2928417178200218	0.044103420471119356	0.014069075978137516
PC 30:0	0.4743543180500777	0.8603638248174211	1.1992781887351092	1.4912470767873833	0.04701754686636946	0.8778722989994049	0.1447954698211899	8.34683796452755	1.7167376575576614	2.5711343074338853	0.05580164391318607	3.6537795815827763	1.017304351742157	0.04024217601388834	0.8170663157422638	8.075461992621176e-4	0.11698568042005186	0.3683037030038335	0.08584633170216455	0.3408681782258393
PC 32:0	0.5759976038626814	1.9020767111643253	0.06077337173239682	1.5220478321496476	1.6921230618279188	2.1081383434164196	0.6950105391459684	0.98352324931701	0.7478860099213889	1.0046427060918068	1.4854518125413145	0.048842746433637126	0.013491025795186537	0.48519808456118874	0.4288190704026749	1.2469834079215418	2.9485824561707236e-4	0.12798661552674598	0.4455690247613798	1.997851575670026
PC 32:1	1.0746492415407691	2.311334882733655	0.42250670204895685	0.38935534158102814	0.28855003100467963	0.3315052475901938	0.4907177859480673	0.8392472112416776	2.2975107583627867	0.12218526262795158	1.249227217626284	0.4995903140089114	0.0812987143892222	0.8103500866382741	0.5438400378241413	0.3137008776940672	0.5537983330668211	0.3228110718280618	0.36994050656816824	0.002651319421368814
PC 32:1;O/32:0;P	0.0021645043981912433	1.264295740343676	0.3732962811951496	1.3973954301753	0.668876976428765	5.459392512961461	1.713665766829101	0.21526498975401423	3.7497360506859043	0.0041855878830760465	0.0024674191932508188	3.4652940309191123	0.3493889869017949	0.20740325364362414	1.9731407066695892	0.2061785248568554	1.2632554782375294	2.372620722366016	1.8602930447185049	0.2479370298072025
PC 34:0;P/34:1;O	0.3032935451763	2.5913764945864766	0.0723801808700181	0.4713088166139698	2.7266285657112626	0.4074321340368262	2.645899063864674	0.35744480274224183	0.28295360423979754	0.04378391460315801	0.03612550669651405	0.20828993923089745	0.30903878611150715	0.2060610631648705	1.0778283474961279	0.10397340688161365	0.17432799849064112	4.405743624028583	0.40601368040490265	0.8654598806474636
PC 34:1	0.9206386816273946	3.2629368689368516	0.1988040457014762	0.45570137083033513	0.16913842361772155	0.01607467155023349	0.6655593966943198	0.41245469305443844	0.7415028549316495	0.18053867816045172	0.0435268049616709	0.10392173876056525	0.0987498893453651	0.10937115468465822	0.0010998260431977131	0.0496702239064726	0.4109181083247029	0.905275605996057	0.035908450810527306	1.7350559294007284
PC 34:1;P/34:2;O	1.8579286001433462	0.7790341069927054	0.7167190625438353	0.2276816380242968	0.40608089975869555	0.004507969189847223	0.9298525025594566	0.06814387114127222	0.3827911938919566	1.785912907269628	5.507310721918439	0.23693025097532552	0.04936487799741377	0.5028164702523088	0.1833610533995148	0.29995550648292124	0.01929903163280259	0.49398733949221396	0.46777379574872224	0.09402117299179584
PC 34:2	0.3162187337401029	3.1160247784122594	0.0012153905895289844	1.9155313806242913	0.42861846057948627	0.538761518538308	0.1184237963383356	1.6361375011602717	0.3216519591954384	0.6142299216065786	0.31835829605863464	0.040394519480056505	0.8226530522634277	0.756050356517554	1.1075372648739092	0.05494078917470596	1.6758896013659035	0.44872475665574724	3.4487883215477453	0.03389084762645878
PC 34:3	0.03596781463770162	2.9846083750669985	0.9456535154284175	2.506298800023498	0.012684314273685849	0.010153172149877075	0.005544844978188254	0.0390073410623615	0.08921124143787279	0.600003570079568	0.13697938517547706	5.4045168187869415	1.2771394774413405	0.4658233983273329	2.7348633426474818	0.23064199268661773	0.524173997833895	0.14946313410339954	1.0677698148052195	1.8123670165068517
PC 36:1	0.04451612728645514	0.3592819398719845	1.6310293610677489	0.5364765739350355	0.18373482089335333	2.3244139244729687	7.0229879917891616	0.9105117568442925	0.00956567747613734	0.32142063442888147	0.12528101691685084	3.1549011329644445	8.782558254950514	2.0480563413101467	0.6573738446428441	0.11148051104748592	0.11079462895410125	4.4200623781496596e-4	0.5400852840204273	0.29546024065279464
PC 36:1;P/36:2;O	1.4441065121896475	1.8788769512624461	0.1382987050052949	0.02975994915658314	0.09228145837349422	0.15738336145806858	2.9794915767832943	0.41424487666455934	0.3977313882258224	0.36667388736200063	1.699584242144681	0.09728431508635334	0.7832953742711422	0.01922386100365872	0.18316906166341418	0.05474050280604286	0.004410987964889314	0.017257332850440267	0.20925158370860378	1.1932179284757727
PC 36:2	0.39123597641149116	2.876854710028445	0.04907012315858093	0.9414329315241838	1.6748753036049602	0.050504419549236554	2.1893421673702136	0.4487443469908649	0.026594811537156433	0.03665314296671368	0.6980597081784418	0.3247985408034182	0.8757969097869875	0.25463340280818986	1.443201829379223	0.04384474616348736	0.9942923530475685	0.057506735932464595	0.19671491127354154	1.3010645264118417
PC 36:2;P/36:3;O	2.1291616848182318	1.258874818957332	0.4256508468027919	0.047430509794859486	4.8301474214911905e-4	0.27290648095159936	0.7855740181392169	0.49075028424918854	0.008026995718625137	0.5943665170101399	1.2092053708859118	0.42164177082107135	0.4007683707006683	0.5836903831717428	0.08626048906050919	0.012103141300941431	0.575762703067615	1.2666824774094896	0.07616710641945794	4.70545606727278
PC 36:3	5.92920441692276e-4	1.0885374568712476	6.003541741906011	0.7476238538348485	0.31905443032505437	0.014862876859596547	0.2092659554037655	0.42152795056332876	0.2225948978898259	2.152717993615438	1.7248552525604477	0.6763490386598189	5.681750551601159e-4	0.8207515274544707	0.762886875323129	0.4533641078672945	0.015382172344917051	0.11568219346210423	1.2858162291626483	0.3710540031051263
PC 36:3;P/36:3;O	2.2966554696299624	1.4143215242540559	0.027271170886188894	0.004054148437080961	4.499611225472885e-6	0.01998511586204487	0.22415778503524394	0.1347315414983932	0.009689349187335746	1.0942587836338655	1.066101809454804	0.05785421429906446	0.6494835424901862	0.6430991165101484	0.10039008828505587	1.2020241698968042	0.6661241503962393	1.096212895269377	0.10121730171791675	0.010397079005317354
PC 36:4	0.23520490387587892	2.8135776619533535	0.10057843733697447	0.020792416217373242	1.6619137584784955	5.056578175242641e-4	2.154722424280297	0.46886772042999453	1.105009874782154	0.039072958807353744	0.4108241282597819	0.02392067032857012	0.32852760590751795	4.553802400240024	0.8555008860900024	5.911710772625707	1.6579209800541141	0.8409959807594585	0.7838340000165346	0.09568652818025232
PC 36:5	0.034192065050489	3.0120411821683626	1.8840935137496568	0.012142941408022552	1.2386521267371575	0.05572675793664198	0.38611918728189415	0.03854814609965474	1.0224063832995491	1.4028012387626005	0.05570537796992474	0.037205188729054935	1.0413390219530094	0.22694126864417236	3.5933404056753546	2.0751619400837584	0.3098630209120304	1.8695695183631562	0.9817219924698447	4.62631114731717
PC 38:2	0.7690502303105707	0.008967632639616618	0.7444925287333096	0.3455297543187722	0.5098341105539199	2.1495608911794273	2.8218262731927855	2.495186414409922	1.0592213361095126	6.571628983265574	3.3466512002305175	2.1166928271588086	0.04673915434042651	0.6906535975360062	2.387734660696104	1.377905486954038e-4	0.012781620811371127	1.1171345279195426	3.8780000821404217	1.6946419289727934
PC 38:2;P/38:3;O	1.430649503510293	0.16529217797833806	1.7964156030315357	0.0039517384960570286	0.04926628811443923	0.276952756346223	0.15940111674812688	0.5920268541703402	0.1969176006860753	9.639243729822942	0.7410803915656086	2.155426255027321	2.9164553771449038	0.14898865495108626	4.11000927758493	0.01924914778094929	0.49468080030907113	0.03418054707519719	0.029427451902074554	0.6848689339000924
PC 38:3	0.7604125328771132	0.03769761384097125	4.208356846260659	0.9844761569005962	0.5758464695325313	0.30751068549128874	0.8906630683637727	0.252774407967428	0.43114927873588255	5.4244917536580095	1.118318046586432	0.3927230348345958	0.4594335243246413	0.06502601827915518	0.3519049467657587	2.915607555859332	0.2145426901001715	1.080184240690321	0.6869893991283819	0.03529482073229687
PC 38:3;P/38:4;O	2.0496084215857557	1.5639366356539748	0.011976827723646083	0.034821476585131815	0.024889101332236353	0.01990343929305679	0.6166778307749347	0.1262110159510376	0.24354284943780172	2.267465673727983	0.062058506570099634	0.7894647358528509	0.9542713171385616	0.962093881240131	0.007543332511729608	0.09089657058525112	0.41850290456894007	0.6649072933135742	0.586459921848015	1.5145961243645987
PC 38:4	0.0033250208700899386	1.6250191929838018	0.1700154116161845	3.500701403413013	2.428026775810481	0.19606302209986826	1.9106823378249307	1.5575932607378788	1.113714012716161	2.5829880259293283	0.2944950119933839	0.3026538036110583	0.12494636293836207	0.9517730350541025	0.3368674699722552	1.6909692534981646	0.11974279701503192	0.07999486208787661	0.4075726949288097	0.024821251564964737
PC 38:4;P/38:5;O	2.464079226071846	1.0620105628648162	0.0018201142282548836	0.3338552190985519	0.004419475317717766	0.20353176681912805	0.1290957898619984	0.2613158786697011	0.14814768219814767	1.0773660309350392	0.17712091837518443	0.03492841907128957	1.1966564246725353	0.7836761190677972	0.07250079088149361	0.6439284675078203	0.25518035525932775	1.358168460785104	0.4387137333417811	0.7677503421327654
PC 38:5	1.9493176072245086e-5	2.9775927362270798	1.3749695066775425	1.23714332940912	0.0027173822149609127	0.4465769696134656	1.357838285996952	0.14207476653152448	1.523458562919874	0.006988750830168667	0.020336949884382536	2.092447596536723	0.43545441333629525	0.137791417091448	0.03765547490976688	5.450752128255673	0.037907822202561336	1.408386921857871	0.1881595353818802	0.05319639763411086
PC 38:6	0.16587788467667097	2.229424553807982	0.06258281013162173	2.201703655211495	1.1566797568352936	0.8468678625330581	3.0947222233263614	0.5537694343741084	0.18407056133474292	0.10621409972795946	1.6509010168313127	0.001741739865637217	0.05139093897830722	1.2719496215130541	2.2522046272417526	1.345967855591051	0.6607803130591297	0.12542646528723594	0.6852691991699382	0.1255865366606076
PC 38:7	0.07210954568620699	1.442625950751666	0.0010384548110808005	4.613312036243496	1.8139627865699466	0.5058991049558126	0.20487426849284804	0.11181112318695537	0.7099258621142642	1.3439721662140907	0.9771305709086708	4.436791758150679	2.1748459190353957	1.876183326300876	1.5941675363049164	0.0023048556844148735	2.5164944796553095	0.10732031855525911	5.670417360891208e-4	2.1302667238978095
PC 40:3;P/40:4;O	2.1057319737119657	0.16319919316305026	0.31560297214045807	0.08193140139297757	0.3218715148692415	0.09158712120300978	0.006259899949148693	0.4913698885264857	0.7308190879202203	5.732286907633979	0.8271390969650377	0.026808432066493994	0.38163513699808516	3.910371295674385	2.8444697991698007	0.06329028906871828	0.856909944817377	9.921119575078265	0.01175123137684857	0.32665203861058384
PC 40:4	1.248011628129056	0.1485031140478661	2.145197068711397	2.887552691089904	0.7166889134306925	1.2477165130445098	0.52922892362601	0.18620837582186484	0.005771538666032655	1.164226773570324	0.09912082086982764	0.2171872808469228	1.2025188514197527	0.5935935547468985	0.945923215575218	0.012356162640095626	0.03996214870796411	0.024163643195127055	2.9794038318001737	1.2863642575842662
PC 40:5	0.33735247559993775	1.2781774157224977	1.58251776113419	3.6588041885107936	0.36429905974904	1.241107954690499	0.018209595028501422	0.10777578034590624	0.013857284765223129	0.31110770441113544	0.14261164155765202	1.5301274137737755	4.097478577669627	2.596260804119853	1.6983773806839328	1.9648276650914995	0.1725120671437585	0.039336180462403614	1.8845219160845543	3.365484583178886
PC 40:6	0.006386379600347477	1.6317907165829961	0.36599496668741555	5.613316086419122	0.6272882780169576	0.021927674321350957	1.2842002837771669	0.13167453239527194	0.20704721045911878	0.03755922401446819	1.7341148094064043	1.5251017487547303	1.9942679710418694	1.519176613477396	4.0490592010594755	0.07147130019444188	0.20070363589495124	0.5974651947941971	0.29710971282883286	0.0023729680908735097
PC 40:7	0.43986339250090234	0.2473288983270169	3.9409663946645734	0.09968783184886881	0.40801660276146606	4.681372274785932	1.0449500877645326	0.13062531902272595	0.16892706168234412	0.4917049728544565	0.031624776535362484	3.611526624112755	0.006735310851449604	0.3403676335856101	2.3343162040876706	0.3014508852760326	3.2115334905410764	0.014530655991544083	0.2962843035876636	0.7078065834148163
PC 40:8	0.11057693670556287	1.0914292438494375	0.9341457485844635	0.5450220318459409	0.5659832312125044	6.077729664820288	2.9777948592920582	1.6794752883005755	1.6371763113110502	0.018616569616333872	0.18643548925400621	0.7229360389247699	1.4035626270634995	0.027383469341050803	0.47640073835806007	0.027673497071485895	0.39936973927047376	0.7505630401076997	1.3239748492731596	1.3160910775936328
PC O-32:0	0.21258631265830114	2.43101567745922	0.06638123760888667	3.229946639911609e-5	2.1137599655716923	0.5550519395204878	4.127478768374767	0.8184023948277509	0.052286074367907685	1.5588486682707197	0.6638537655148332	0.2396520128893552	0.4356037531275789	0.09445122019048917	1.6952671050348023	0.8351669514581956	0.0623496726049865	1.6631204455198303	0.43561743043592527	18.691359636209768
PI 38:4	1.137892646495717	0.22281312563727398	1.2333924575323922	1.3353084975115324	0.14640549456315197	0.001481912267236238	0.0019490123200968524	1.29167301359246	2.5834063280735493	1.496289506284467	5.487453804988019	0.008387643367925086	5.240563281592767	0.38339888424523105	0.8477616516773958	3.0027164235147783	0.52784342924114	0.007642454588755534	8.264620144503244	0.04420097031711022
SM 32:1;O2	1.308325223931835	0.3211326393044011	0.4847181634946012	0.19267039196141086	2.5726041215882405	0.8265087213650688	0.6023773880814354	4.536378856844472	0.0274949426297808	0.8064228620105268	0.3245973249537945	2.364761667226295	1.8449074342767022	0.021488914097666085	2.757275437218352	0.35308458614430915	1.289163737524712	0.531303304122926	2.396567418507231	0.3767603600074029
SM 33:1;O2	1.3562711281093385	0.4151021832592458	1.4726300707428446	0.19520991155684914	0.3204414127283491	0.7814087318498814	2.304520179535383	4.156493221578233	0.006022365420568781	0.01771737213164201	1.3236098201743407	0.023813521951216124	1.2152190519303245	0.005771705409095615	0.7140016861840099	1.795720650088295	0.31707042063300767	2.3451990195285846	3.1702452932252276	5.72778423297666
SM 34:1;O2	1.263254105006564	1.4618964761530384	2.2491973691214677	0.21186942037835424	0.398060528560758	0.19949521141686574	0.2322780119325866	0.03055687429853382	0.2677356585283322	0.010406221330956247	1.9571466412754206	1.3473085059558496	0.6917717210824467	0.09435670862993262	0.4738779420374526	1.93902940312208	0.03694544999414066	0.1638204281151166	0.0024724070560144694	0.004144583278026644
SM 34:2;O2	1.142868304026483	1.9333997839568455	1.3077049692508649	0.08932367250846766	0.4316920235707388	0.4733137199048095	1.2571817846406381	0.3566034552565635	0.9522396144928069	0.49609667015956493	0.1409615084351181	0.8660151446607105	0.0015175595184937487	0.6086192601776017	0.011752044369140877	0.616070942694414	0.8923718239905579	0.06717433207629601	0.2587714235629484	0.19130779045231833
SM 35:1;O2	0.3599885262893891	0.42623986463012187	0.8684584478134485	2.929985656983412	1.7150343588968382	0.5745486549370297	4.798070686239922	0.05329338725105399	0.004124217475454256	0.11846104280892922	1.5300971575317115	0.5850846153126864	1.7640717300819593	0.5416648685914702	1.5541442386455737	5.93942522922936	1.5574618711036798e-4	0.0015792387439683571	3.5619482221356904	5.023490586597331
SM 36:1;O2	0.7218778043225793	1.3296167622512096	4.226429387250311	0.14517096725515943	0.0015256183307151058	0.0011058247032097496	0.029502954726285027	1.14761667980949	0.6307256591143332	1.561388841982264	1.71288755584593	0.38833695270327373	0.017274526284799537	8.399193799375931e-5	0.2876030897810082	0.020849148194660033	1.1943826024561985	0.011696648793018783	0.16828391097534173	0.8352035049875796
SM 36:2;O2	1.1166177359751184	1.4752524000351868	2.576149100006513	0.4586940336191818	0.056140186972103615	0.2840714177940784	0.4771275005822671	1.0747137456532803	0.002642950000432184	0.10142808619053632	0.0029185058520218685	1.250152652381598	0.04829873611867663	0.11170616560771038	0.47634022285747085	0.6483351354794906	4.652102116287812	0.0251537818609321	0.06762990825492249	1.298614380504402
SM 38:1;O2	2.1590714026284274	0.5971147140577312	2.3240366399270345	0.11021974531476908	0.32935857971965476	0.005968955840520908	4.0597492837065186e-4	0.013939712021700183	0.15809265094420155	0.6984448875650328	0.025114717635464176	0.43367951245423414	0.04314101523598157	0.3756742332747632	3.79692628116796e-4	1.1867410233202307	0.011597837632527776	0.30915983086973464	0.030302871896264235	0.21942842604223697
SM 38:2;O2	1.8987048971545955	0.7535075543877795	1.764845780156618	0.1571076556752896	0.16622359867285932	0.3735737167067013	1.3838914106130789	0.16911481708194917	0.013431072632378221	0.07825769905703985	0.40698729251428084	0.10719244520828744	0.3394698530348215	0.01821362042386386	0.20919557906085065	2.8666958244908147	1.4400460756631308	0.5909896538948699	5.15308970679336e-4	2.382676343161837
SM 39:1;O2	1.5128393259266075	0.22099326918174617	1.4430171250387047	0.020488460967881563	1.1636818208525923	2.851234091571768	1.9602834994652822	0.008297053638375082	0.3742786695477602	2.10515415288545	0.06310834837395501	0.7687758799959511	0.13412642595035734	0.35297765897990935	0.17416575787140182	0.47408849999590497	0.5156779650265367	0.2474082107965024	0.02433297593563665	0.7070471641135347
SM 40:1;O2	2.168854957767372	0.7905981834437954	1.1669319320919418	0.011651595636184526	0.481360131727728	0.07229616982958799	0.45533875104339955	0.2846370414823454	0.5327148104493383	1.131608824426251	0.3172756789632505	0.7483465506897025	0.012148460425190102	0.31649793764223066	0.22213662826258743	0.007335232829535383	0.03368445324333301	0.007593383587151022	2.9592330676398713	0.04040347672504102
SM 40:2;O2	2.0806172212323872	1.4193930276208067	0.9372884770794025	0.29061707689088506	0.2206937715343676	0.015999151300865374	0.4154833581329539	0.005569041198688474	0.044388241151970834	0.30219013772745845	0.23235314994126552	0.19736524540428263	0.0069639399625017456	4.203014720951746e-5	0.012369269681467794	0.28879759285759343	0.18259748367296585	0.10503810308019125	0.1638468063889017	0.06497033020720303
SM 40:3;O2	0.5846511682469786	0.39626332363460076	1.380616227919842	2.7396001339053897	0.060342961501825006	0.5907027077042736	6.3731857734372435	0.08326458836393011	1.0831389215774685	0.018997804947429083	1.4971864442060088	1.293539826348882	0.5412277984763406	0.5192808544056792	0.001334467607325953	0.03331490206102235	0.2441741807914857	0.08829470841641184	0.29427989606344873	0.08803003017699092
SM 41:1;O2	2.6621660865227548	0.2804696767075868	0.3027415674382209	0.01866359034315367	1.0609325634072417	0.0027147761905176467	0.09692154927272822	0.06771391527388963	1.1841999880208132	0.863906217879511	0.016921704092696964	0.8326153369061828	0.005699102067767529	0.2123104780071168	0.8164548057651434	2.123779977266488	0.4000186287167777	0.12541001286011383	2.343848263745256	0.026692344044139327
SM 41:2;O2	2.576923484295703	0.6568002977887222	0.14507734689779958	0.14540616387362548	0.7195942597124628	0.007293390727350251	0.7305944710106274	0.7808463951623281	0.2958552895853111	0.005012994415820178	0.2349898950027445	1.0343158918308724	0.028095168918174717	9.386419165619075e-5	0.010904789647061727	0.640114028299335	0.35935536903510784	0.10896915157991975	0.32730365458201954	2.0385947534020907
SM 42:1;O2	2.3564420734957094	0.34357072810467076	0.40964683544394404	0.6986202093230769	0.24803582807228683	0.2608840549833048	0.3975907699230337	2.178328473490815	1.1602954628337536	0.01803794124273379	8.104607866948435e-4	0.33977221728374796	0.023947957328555945	0.2934670500872363	2.1027252578415756	2.3187135441691127	4.128614598572324e-5	1.21001004017844	0.005398281465367779	0.7233486231925671
SM 42:2;O2	1.1670697414470217	1.1365797390855121	1.6514335238271596	2.1641962716695877	0.1428775860138893	0.8354900550296428	0.19582749853158307	0.35168544921645795	0.01432755267079417	0.18588626286599597	0.9586854851129564	0.21682449037926	0.026968192919019644	0.23704648905006684	0.011239641586294695	2.616022573863962	1.1855335528591997	2.603705162366022	2.073479917649786	0.23599393035332436
SM 42:3;O2	1.452861883956572	1.9994477648448976	0.7898502099468664	0.9949682829957208	0.09617713863122183	0.13986577093838848	0.545699933241661	0.024100661347544062	0.17806913150148887	0.17359750502216384	0.11538823190256504	4.2125228723429093e-4	0.030595762734780662	0.417714664702574	0.3228448172321831	1.5788991086489443	0.6937251395386934	0.28175196914585743	1.4145715499628337	0.034119734156150126
SM 42:4;O2	1.5373827224968644	0.7982082554998436	0.3991211225249621	0.02649641009065906	0.15807564934062035	0.0064235588730427754	2.723017922014523	1.5627317127898146	1.378346576212297	0.2866134457277466	0.298811618984406	0.9065617131502216	1.6277682456533786	1.0008255706130715	0.10634978216692458	9.79701798840853	1.5191880032402538	0.4163273388562523	0.5640674558527764	2.5569781798741587
TG 49:1	0.17727273426936227	1.802253149267569	0.7811545054937371	1.6117203994899503	0.6237354301667383	0.8376110195605863	0.6218850586172547	0.37238910842069495	4.740994069024603	0.17828337754884907	3.3867659215186103	0.49310690171379384	0.2740389315206887	2.6038107763961613	0.602831042306787	1.7396124182163235	0.917544644074442	4.551863791307325	0.524088083397766	0.13067663846261468
TG 49:2	0.8290059300788064	0.17247824796569702	0.002637057430470126	0.47707064291967166	5.82756085320883	0.6216244918995725	1.2185364842248294	2.694145031731057	0.5735009300290713	0.765559567029893	2.1273566577339436	0.058136279180149256	0.8612790596248288	3.5969685512761354	1.2081433535533583	0.023318150926834293	0.747782397014059	0.13700366547171453	0.36088272594453036	0.060798848354944736
TG 50:0	0.8926349023339881	0.08415042871156689	2.3904323197702695	1.3876310383787525	2.5581199128477614	0.8715464030886793	0.671364135241195	0.006763390367183192	0.28244870415775103	0.9479480843673647	4.01402967720227	0.04395307469673886	1.8589897960198722	0.6769980224195492	0.0012466004786029262	0.3357323281637733	1.251778385340788	0.8151876788833119	0.055063817876838936	6.14243247382266e-4
TG 51:1	1.630614211950962	1.161467629449521	0.007218912573009406	0.02429747279827116	1.1938577745862364	0.9589311984849734	1.6731694836857567	1.9359213041031933	0.8629316524033983	0.1605789516490665	0.2346089657236983	0.0849020352108215	1.085519018819639	0.6632466527336551	0.13938268143532986	0.18576365526853397	0.13791192638750951	0.12003116512106023	1.6055903075400946	0.5758209386908657
TG 51:2	1.6621283113711314	1.4611081242494575	0.10533523091755452	0.07832314655020377	0.7443655861877548	2.3865646900326176	0.49624129384437976	0.9786782286948734	0.09374777118649154	0.33528193459848216	0.306829637326096	0.06828199778386466	0.017061297035655464	0.3614826413852799	0.013437773430923377	0.0328917776404869	9.993375420493354e-4	0.1541662732718092	2.310682626129362	0.19243426747718803
TG 52:1	1.461413190066365	1.0804241987701535	0.6820801891114209	0.08192764169297567	0.043908269729716405	1.7770031596916365	0.090624937889241	0.005340546893914195	3.695853341467747	0.9509501817456768	0.007188037574849043	0.07523865683616207	3.0985522580191733	0.22222286252011503	0.0012040940179058636	0.27932862146344106	5.751619471872986	0.9524791409681306	0.7357699785149184	0.06502813770810477
TG 54:2	1.7323300600895088	0.9656570536761059	0.008007734492065858	0.1504061954133295	0.011504359074339346	1.9855411181888718	0.41280447777523754	1.7329762241064564	0.04119666405042645	0.15628668695687042	0.0038345617639000094	4.181446188873738	2.683923117178292	1.0038143393149148	0.46677207266511983	2.3204650022029134	0.2265379564621591	4.689018449343701e-4	1.6231240734651575	0.06356599016661323
TG 54:3	1.629129201134454	1.9044796122978147	0.2000309864032662	3.180207398411796e-6	0.0028809573795291685	0.8829186264103952	0.31003749752764587	0.6572788128213939	0.11035044121230632	0.10705322050011425	0.10352993148651463	1.4655255843930732	0.9240796894508264	1.3624538759544198	2.1733498457973313	0.3521572486357126	0.9541493769607308	1.3887800843140155	0.09095891699803701	0.013455211248371249
TG 56:5	0.086580049705387	0.2507301847442971	1.1617948016569744	1.3050405230933149	1.5795355124073907	0.07250727951717398	1.245686704215482	0.005472167145038968	9.701090807051452	0.8835055828817243	1.3308193549958587	3.032146851964811	3.914782913065441	1.6709875935195384	8.537429132116435	0.0021591326336586514	0.3713711187762367	0.026100740068457494	5.971623939792018	0.2805062415089077
TG 56:6	1.5901214160517054	0.3001230100370207	0.07045964773219984	0.305889175134823	0.06867666327492107	1.0290301827366994	0.03511443144598055	1.443441366773115	8.123947273991861	0.20948729046138517	1.1727991937951909e-4	3.694943067457997	1.0756348346354891	1.0818380083670822	0.01180662634197503	1.5252268772632356	5.490065569227388	0.01166081425827274	1.155529148739858	0.0027155240554516736
TG 56:7	0.16676286490341738	0.08677063961882393	1.105170159972352	0.09364891145272732	8.972194765212244	0.1153666343222686	0.041386153572627135	0.32695402125637796	1.5768605470410488e-5	0.5328762233780635	4.686698778906076	0.7683777592224725	0.002293304206773346	6.379805762234066	0.0029523760241996744	0.02153175190421976	0.14405376075914478	2.8561558050445317	1.888971527756908e-4	1.0367551744824415
TG 56:8	0.7071326893062406	1.1898757192555591	0.24296486332795686	0.07420594254732978	1.305102811704067	1.792277511934176	0.45528667938075573	5.986795919731286	0.0030356500099008987	0.19788809395196402	0.1718250753930066	7.839586459768016	0.005967167643585692	0.18482507381285723	2.3568507849716855	0.43788154579265215	1.7970587361236345	0.4392710714165283	0.09888129437070102	1.772481071055304
TG 58:5	0.8848280299312635	0.9169593135597477	0.7522725211263623	0.5752264758656106	0.2342909546336169	3.8471139433604105	0.2518686572444694	4.092800900337932	5.851169472060923e-5	0.0045455464856782824	0.1700187961918995	0.7551908371731909	2.2509855413604307	3.8881378230472503	3.022715208019558	0.1686048046461192	0.506718683692796	0.011447266383172167	0.09644413524764278	3.773469517554572e-4
TG 58:7	0.5821860112003823	0.7249759635758823	2.0126256154512063	0.05682982257121265	0.11060422121136572	2.5070795758248026	1.6131279490945865	2.47197476152613	0.3631299682039871	0.012938809590583222	0.02584490117758947	1.3664149848526366	1.3985604393091584	1.5603960161187072	5.80691682844781	1.0129552765470515	7.64842627878036	1.3125605632102075	4.04361320519949	0.38701501321245446
TG 58:8	1.3347485246591437	0.9741073851434525	0.2671197372149803	0.5479392351178531	0.037949589664037955	2.547490661975077	0.5678648414963107	1.8457711690649836	4.557325950006129	0.2545566527570097	0.08136126509131043	0.07475214072376343	1.6159357816752185	0.19047271873372917	0.5626800081727106	0.0837719830218492	0.4431832681805203	0.18841976017961562	0.9824211617955947	0.1714511011080711
