feature	BS-082D03	BS-364D03	KT-193D03	KT-247D03	KT-312D03	KT-313D03	KT-347D03	KT-412D03	KT-417D03	KT-445D03	KT-522D03	KT-525D03	KT-537D03	KT-538D03	KT-539D03	KT-565D03	KT-663D03	KT-695D03	KT-705D03	KT-723D03
DG 32:0	0,00	0,89	2,00	1,21	1,13	0,00	0,59	0,80	0,00	0,58	1,42	0,37	0,00	0,77	0,00	0,67	0,63	0,95	0,51	0,66
DG 32:1	0,00	0,00	0,68	0,00	1,47	0,00	0,38	0,66	0,00	0,34	0,00	0,00	0,00	0,38	0,00	0,00	0,00	0,00	0,00	0,98
DG 34:1	1,97	4,02	9,47	4,84	6,73	1,65	3,14	5,27	2,92	2,73	4,75	2,44	2,02	5,06	2,11	2,65	2,32	2,47	2,31	5,32
DG 34:3	0,00	0,00	0,00	0,00	0,00	0,00	0,00	0,00	0,00	0,00	0,00	0,00	0,00	0,00	0,00	0,00	0,00	0,00	0,00	0,38
DG 36:3	0,00	1,21	3,02	2,94	2,51	0,93	1,26	2,26	2,07	1,22	2,87	1,31	1,82	2,70	1,29	1,21	1,40	1,49	1,03	3,06
DG 34:2	0,00	1,02	1,56	1,11	2,49	0,00	0,71	1,11	0,90	0,41	1,06	0,36	0,00	1,23	0,64	0,00	0,69	0,82	0,34	1,42
DG 36:1	0,00	0,45	0,48	0,72	0,73	0,00	0,23	0,26	0,00	0,14	0,40	0,16	0,00	1,11	0,37	0,00	0,32	0,24	0,15	0,34
DG 36:2	1,15	6,77	5,34	3,52	6,41	1,92	3,39	4,74	5,45	2,15	6,14	2,61	3,91	7,20	4,49	2,99	3,56	2,79	1,97	6,82
DG 36:4	0,00	0,00	0,57	1,05	1,47	0,00	0,30	0,00	0,00	0,00	0,00	0,00	0,00	0,75	0,00	0,00	0,00	0,00	0,00	0,00
CAR 16:0	0,00	0,14	0,00	0,00	0,00	0,00	0,10	0,18	0,29	0,00	0,15	0,12	0,00	0,10	0,00	0,00	0,00	0,00	0,16	0,15
CAR 18:1	0,00	0,43	0,12	0,24	0,00	0,00	0,26	0,45	0,42	0,00	0,35	0,31	0,00	0,31	0,28	0,46	0,00	0,14	0,27	0,43
CAR 18:2	0,00	0,00	0,00	0,00	0,00	0,00	0,09	0,19	0,00	0,00	0,00	0,12	0,00	0,09	0,00	0,17	0,00	0,00	0,00	0,16
CAR 2:0	0,00	0,00	0,00	0,00	0,00	0,00	0,00	0,00	0,00	0,00	0,00	0,00	0,00	0,00	0,00	0,00	0,00	0,00	0,00	0,00
CAR 3:0	0,00	0,00	0,00	0,00	0,00	0,00	0,00	0,00	0,00	0,00	0,00	0,00	0,00	0,00	0,00	0,00	0,00	0,00	0,00	0,00
CAR 8:0	0,00	0,00	0,00	0,00	0,00	0,00	0,00	0,00	0,00	0,00	0,00	0,00	0,00	0,00	0,00	0,00	0,00	0,00	0,00	0,00
CE 16:1	0,00	0,00	0,00	1,03	0,00	0,00	0,36	0,00	0,00	0,40	0,00	0,00	0,00	0,00	0,00	0,00	0,00	0,46	0,37	0,00
CE 18:1	0,00	0,00	0,00	0,85	0,00	0,00	0,09	0,76	0,00	0,00	0,00	0,00	0,00	0,00	0,00	0,00	0,00	0,00	0,16	0,00
CE 18:2	0,90	0,00	1,38	3,22	0,00	0,00	1,93	2,24	1,08	0,94	0,00	0,00	0,00	1,62	0,00	0,00	0,48	3,37	5,73	0,00
"Cer 34:1;O2"	0,00	0,00	0,00	0,60	0,00	0,00	0,00	0,00	0,00	0,00	0,47	0,00	0,00	0,90	0,35	0,00	0,52	0,47	0,00	0,25
"Cer 40:1;O2"	0,00	0,84	0,74	1,38	0,43	0,00	0,42	0,36	0,79	0,30	0,80	0,45	0,00	0,90	0,66	0,44	0,63	0,67	0,69	0,43
"Cer 41:1;O2"	0,00	0,49	0,57	0,84	0,34	0,00	0,33	0,00	0,74	0,00	0,46	0,36	0,00	0,51	0,39	0,00	0,49	0,32	0,50	0,30
"Cer 42:1;O2"	0,75	2,04	0,00	0,05	1,59	1,31	0,00	1,18	0,00	0,77	2,70	0,00	0,75	0,00	0,00	1,69	0,00	1,62	0,00	0,00
"Cer 42:2;O2"	0,60	2,66	1,83	2,93	1,29	1,40	0,91	0,33	1,43	0,72	1,83	0,97	0,92	2,33	1,46	1,60	0,43	1,43	0,54	0,37
"Cer 42:3;O2"	0,00	0,00	0,00	0,00	0,00	0,00	0,00	0,00	0,00	0,00	0,00	0,00	0,00	0,30	0,00	0,00	0,00	0,00	0,00	0,00
"HexCer 42:1;O2"	0,00	0,00	0,00	1,04	0,00	0,00	0,00	0,00	0,00	0,00	0,00	0,00	0,00	0,00	0,00	0,00	0,00	0,00	0,00	0,00
"HexCer 42:2;O2"	0,00	0,00	0,00	0,00	0,00	0,00	0,00	0,00	0,00	0,00	0,00	0,00	0,00	0,74	0,00	0,00	0,00	0,00	0,00	0,00
LPC 13:0	0,00	0,00	18,87	0,00	11,14	0,00	10,43	9,26	0,00	7,48	0,00	0,00	0,00	10,74	0,00	0,00	0,00	0,00	0,00	9,38
LPC 14:0	0,00	0,00	0,00	0,00	18,75	0,00	0,00	0,00	0,00	0,00	0,00	0,00	0,00	0,00	0,00	0,00	0,00	0,00	0,00	0,00
LPC 15:0	0,00	0,00	0,00	0,00	13,89	0,00	0,00	0,00	0,00	0,00	0,00	0,00	0,00	0,00	0,00	0,00	0,00	0,00	0,00	0,00
LPC 16:0	778,64	1203,05	1380,28	1573,95	2726,49	1810,14	1461,52	969,84	1796,37	660,83	946,90	1027,73	716,15	971,38	1450,66	1412,34	117,05	722,01	1416,12	1222,40
LPC 16:1	13,54	0,00	17,20	11,13	59,17	17,21	21,54	12,37	15,51	0,00	8,65	16,28	0,00	6,29	0,00	19,57	0,00	7,03	12,55	18,40
LPC 17:0	0,00	0,00	0,00	0,00	28,12	0,00	0,00	0,00	0,00	0,00	0,00	0,00	0,00	0,00	0,00	0,00	0,00	0,00	0,00	10,14
LPC 18:0	235,28	352,31	405,64	593,54	886,51	471,01	494,39	386,77	537,50	265,30	335,20	381,16	247,33	268,34	409,79	503,17	124,85	236,87	437,06	342,75
LPC 18:1	139,78	218,79	457,75	355,06	443,71	275,59	302,10	182,21	310,73	171,72	251,93	306,36	172,94	342,76	224,79	314,01	37,52	173,62	286,71	238,54
LPC 18:2	104,38	109,66	488,09	176,26	253,71	84,77	165,38	124,07	144,20	94,91	159,64	212,66	167,38	244,06	130,71	204,34	39,06	178,07	217,20	190,47
LPC 18:3	39,68	74,87	94,73	52,47	101,55	104,38	100,39	71,82	102,61	45,42	63,64	65,36	39,84	61,91	75,48	105,79	0,00	39,24	67,30	73,56
LPC 20:3	11,73	20,06	38,01	25,47	82,40	43,84	24,65	19,61	27,53	21,32	16,13	25,36	15,12	16,62	16,97	14,52	8,37	8,83	13,13	32,92
LPC 20:4	59,91	33,76	199,72	65,55	163,33	74,17	88,28	85,11	56,73	49,85	80,61	152,61	59,22	236,97	107,12	80,72	21,04	89,84	76,46	122,20
LPC 20:5	0,00	0,00	0,00	0,00	0,00	0,00	0,00	0,00	0,00	0,00	0,00	0,00	0,00	0,00	0,00	0,00	0,00	0,00	0,00	0,00
LPC 22:5	0,00	0,00	10,06	0,00	6,41	0,00	0,00	6,50	0,00	0,00	0,00	27,45	0,00	7,16	9,31	0,00	0,00	9,48	0,00	6,66
LPC 22:6	0,00	15,11	53,07	24,18	63,47	20,03	25,08	35,76	0,00	13,23	30,13	40,54	27,17	50,08	23,99	36,44	8,60	45,99	27,47	26,50
LPC O-16:0	0,00	0,00	0,00	11,23	29,28	0,00	14,20	9,99	17,64	0,00	0,00	10,41	0,00	6,42	10,63	0,00	14,89	0,00	12,49	14,38
LPC 16:0/16:1	0,00	0,00	0,00	0,00	25,37	0,00	0,00	0,00	0,00	0,00	0,00	0,00	0,00	0,00	0,00	0,00	0,00	0,00	0,00	0,00
LPC 16:1/16:2	0,00	20,32	28,24	33,79	43,29	29,95	27,69	21,97	31,41	11,40	16,18	18,11	0,00	21,46	17,89	29,25	0,00	11,30	25,73	18,90
LPC 18.0/18:1	0,00	0,00	0,00	9,40	30,73	0,00	11,01	7,30	0,00	0,00	0,00	7,03	0,00	8,11	0,00	0,00	8,57	0,00	11,42	10,39
LPC 18:1/18:2	0,00	0,00	0,00	0,00	17,12	0,00	0,00	0,00	0,00	0,00	0,00	0,00	0,00	0,00	0,00	0,00	0,00	0,00	0,00	0,00
PC 30:0	0,00	1,51	0,61	0,55	1,82	1,54	0,90	0,44	0,00	0,45	0,82	0,58	0,00	0,44	0,74	0,00	1,49	0,63	0,85	1,30
PC 32:0	5,45	23,25	12,37	13,11	16,02	11,60	10,36	6,35	12,42	5,42	21,89	11,70	5,27	13,69	16,17	10,30	20,77	15,56	11,31	10,62
PC 32:1	3,82	24,10	8,13	7,19	16,62	10,70	8,63	4,22	7,15	3,41	10,33	8,22	5,85	6,45	9,31	6,11	9,74	7,23	5,47	8,96
PC 32:2	0,00	0,00	0,00	0,00	1,15	0,00	0,00	0,00	0,00	0,00	0,00	0,00	0,00	0,00	0,00	0,00	0,00	0,00	0,00	0,52
PC 34:0	0,00	0,00	0,00	0,00	0,00	0,00	0,00	0,00	0,00	0,00	0,00	0,00	0,00	0,00	0,00	0,00	0,00	0,00	0,00	0,00
PC 34:1	70,41	482,86	247,43	238,98	277,38	169,68	201,54	135,97	203,28	97,35	281,66	184,05	120,10	258,99	284,30	179,56	254,96	205,59	204,55	209,44
PC 34:2	100,83	482,91	357,12	338,00	212,82	155,62	167,47	115,88	282,32	97,17	370,11	196,44	149,63	269,10	231,56	278,40	216,89	282,92	263,13	214,74
PC 34:3	1,48	3,94	4,01	3,36	5,20	3,58	2,03	1,90	2,74	1,55	2,63	2,26	1,68	2,41	2,29	2,30	3,99	2,69	2,84	3,40
PC 34:4	0,00	0,00	0,00	0,00	0,00	0,00	0,00	0,00	0,00	0,00	0,00	0,00	0,00	0,00	0,00	0,00	0,00	0,00	0,00	0,00
PC 36:0	0,00	0,00	0,00	0,00	0,00	0,00	0,00	0,14	0,11	0,24	0,00	0,00	0,20	0,00	0,00	0,50	0,00	1,03	0,00	0,00
PC 36:1	12,34	54,76	19,88	27,91	45,68	21,13	32,07	14,49	9,96	10,45	37,25	19,30	11,97	21,55	29,71	14,86	39,30	8,32	24,53	22,76
PC 36:2	56,61	172,80	138,08	161,46	151,27	69,16	110,83	81,96	123,25	79,15	159,09	99,67	84,75	108,53	121,06	139,26	123,20	116,56	140,69	118,84
PC 36:3	33,52	85,87	51,31	65,82	106,65	58,18	38,31	45,58	61,50	44,47	53,15	41,08	31,22	38,60	42,13	41,87	58,40	31,98	56,18	61,54
PC 36:4	65,86	94,08	115,96	80,25	152,43	75,93	61,01	73,38	73,12	51,32	118,40	117,05	57,29	139,81	113,14	76,16	100,15	99,71	84,86	104,67
PC 36:5	2,49	6,63	6,16	3,91	6,80	5,16	3,51	4,27	2,32	2,99	5,73	3,33	2,87	4,92	4,14	6,25	4,51	3,57	4,74	4,30
PC 38:2	0,45	0,47	0,62	0,83	2,68	0,96	0,56	1,05	0,25	0,59	1,03	0,60	0,45	0,55	1,08	0,71	0,97	0,53	1,10	0,61
PC 38:3	12,64	24,66	8,99	16,17	38,68	26,53	16,56	13,67	18,28	14,54	7,96	14,27	8,11	5,65	8,35	11,89	26,34	7,04	12,36	17,08
PC 38:4	40,37	56,38	48,48	46,98	92,35	61,69	50,42	41,06	52,45	35,67	52,97	87,09	34,55	63,08	55,56	54,23	70,72	58,35	48,93	62,19
PC 38:5	16,77	36,78	29,42	25,48	42,74	31,93	21,78	30,17	32,04	16,50	30,60	41,02	12,45	26,92	28,16	23,42	40,74	32,65	27,11	34,68
PC 38:6	25,87	48,67	42,43	46,04	66,54	32,54	31,88	52,63	28,53	20,14	39,13	28,64	27,53	45,05	36,18	54,52	44,88	49,27	33,65	44,09
PC 38:7	1,92	1,74	2,05	0,65	1,53	2,49	1,53	2,01	1,60	1,58	2,24	1,46	1,66	1,86	2,34	2,46	1,51	1,49	1,33	1,65
PC 40:4	0,87	1,68	0,64	0,85	2,06	2,95	1,38	1,21	1,85	0,70	0,74	3,23	0,34	0,39	1,51	0,90	3,00	1,29	1,09	1,75
PC 40:5	4,03	8,88	4,33	6,60	11,52	8,60	7,67	8,29	7,33	4,05	6,30	13,31	2,28	4,80	7,19	5,88	14,01	9,74	6,07	8,39
PC 40:6	10,97	17,59	14,44	17,34	40,32	13,08	19,63	20,40	9,15	9,61	17,54	18,29	10,85	15,54	15,15	25,58	26,67	21,41	16,05	18,80
PC 40:7	1,71	1,63	1,34	1,31	3,16	1,72	1,72	1,76	1,30	1,07	1,51	1,20	1,23	1,15	1,28	1,86	1,62	1,19	1,48	1,47
PC 40:8	0,00	1,14	1,02	0,48	0,64	1,17	0,86	1,22	1,03	0,63	1,00	0,99	0,00	0,74	0,99	0,83	1,20	0,78	0,00	0,96
PC O-32:0	0,00	3,42	1,25	1,46	1,43	0,82	1,62	0,99	1,46	0,69	1,47	1,46	0,77	1,95	1,95	1,16	4,34	2,10	1,37	1,73
"PC 32:1;O/32:0;P"	0,00	1,92	0,80	1,22	1,29	0,86	1,12	0,44	1,13	0,37	1,20	1,15	0,00	1,04	1,49	1,12	2,42	1,59	1,12	0,99
"PC 34:0;O"	0,00	0,84	0,00	0,00	0,00	0,00	0,00	0,00	0,00	0,00	0,00	0,00	0,00	0,60	0,00	0,00	0,98	0,00	0,00	0,45
"PC 34:0;P/34:1;O"	1,29	4,99	2,25	3,08	3,45	1,58	2,67	1,66	2,45	1,27	3,78	2,17	1,69	4,13	3,32	2,43	5,59	3,52	3,42	2,63
"PC 34:1;P/34:2;O"	0,89	2,99	2,10	2,43	2,96	1,60	0,86	1,23	2,40	1,14	2,40	1,30	0,99	1,89	3,10	2,37	4,48	2,70	3,30	2,75
"PC 36:1;P/36:2;O"	0,00	1,31	0,82	0,95	1,24	0,00	0,71	0,53	1,03	0,51	1,02	0,68	0,00	0,92	1,23	0,83	1,92	1,09	1,26	1,11
"PC 36:2;P/36:3;O"	1,78	4,03	2,08	2,73	3,10	1,95	1,63	1,55	3,18	1,43	2,20	2,61	1,04	2,09	3,43	2,18	5,32	2,60	3,49	3,32
"PC 36:3;P/36:3;O"	5,91	9,57	5,14	7,89	8,68	5,47	5,48	6,13	9,04	5,16	6,07	10,06	3,21	7,68	11,58	7,59	15,86	6,97	10,05	10,83
"PC 38:2;P/38:3;O"	0,00	1,21	0,00	0,79	0,77	0,00	0,52	0,54	1,00	0,54	0,60	0,91	0,00	0,64	1,33	0,00	1,86	0,65	0,87	1,22
"PC 38:3;P/38:4;O"	3,44	6,11	2,70	4,43	4,31	3,73	3,03	3,30	5,97	3,22	3,93	5,91	2,30	4,48	8,45	4,28	9,21	4,21	5,30	6,95
"PC 38:4;P/38:5;O"	5,62	5,34	3,74	5,25	4,99	5,70	3,65	5,03	7,70	4,04	5,68	7,40	2,48	5,44	9,82	6,11	10,87	5,29	8,72	8,95
"PC 40:3;P/40:4;O"	0,00	0,79	0,00	0,53	0,00	0,00	0,40	0,45	0,84	0,44	0,00	0,80	0,00	0,63	1,22	0,00	1,14	0,61	0,64	0,87
"PC 42:3;P/42:4;O"	0,00	0,00	0,00	0,00	0,00	0,00	0,00	0,00	0,00	0,00	0,00	0,00	0,00	0,00	0,00	0,00	0,49	0,00	0,00	0,43
PE 38:4	0,00	7,62	7,65	8,14	0,00	0,00	0,00	0,00	0,00	0,00	5,92	6,56	0,00	5,75	5,52	0,00	8,13	5,84	0,00	8,90
"PE 36:3;P/36:4;O"	0,00	0,00	0,00	0,00	0,00	0,00	0,00	0,00	0,00	0,00	0,00	0,00	0,00	0,00	0,00	0,00	4,13	0,00	0,00	0,00
"PE 38:4;P/38:5;O"	0,00	0,00	0,00	0,00	0,00	0,00	0,00	0,00	0,00	0,00	0,00	0,00	0,00	0,00	5,41	0,00	7,45	0,00	0,00	0,00
"SM 32:1;O2"	0,00	2,27	2,75	3,40	4,22	3,55	2,34	2,20	2,79	1,47	2,18	2,23	1,21	2,84	2,98	1,98	4,19	1,89	3,31	4,45
"SM 33:1;O2"	0,00	1,09	1,53	2,11	2,32	1,53	1,18	1,35	1,08	0,83	1,32	1,32	0,00	1,98	1,73	1,13	2,78	1,54	1,89	2,25
"SM 34:0;O2"	0,00	0,00	0,00	0,00	0,00	0,00	0,00	0,00	0,00	0,00	0,00	0,00	0,00	0,00	0,00	0,00	0,00	0,00	0,00	0,00
"SM 34:1;O2"	51,63	93,43	87,20	114,60	82,62	84,32	56,98	64,38	84,51	46,92	72,98	79,67	45,79	101,68	107,75	86,15	147,96	77,49	85,73	94,96
"SM 34:2;O2"	3,73	6,24	8,38	10,32	8,49	6,97	5,68	6,43	7,63	3,15	6,70	6,42	3,00	11,34	8,86	7,54	10,55	7,20	9,47	9,64
"SM 35:1;O2"	0,00	0,00	0,71	1,00	0,90	0,00	0,48	0,60	0,00	0,00	0,61	0,78	0,00	0,71	0,98	0,00	1,61	0,77	0,80	1,08
"SM 36:0;O2"	0,00	0,00	0,00	0,00	0,00	0,00	0,00	0,00	0,00	0,00	0,00	0,00	0,00	0,00	0,00	0,00	0,00	0,00	0,00	0,00
"SM 36:1;O2"	6,59	15,72	18,62	29,06	16,48	13,83	10,10	14,33	13,98	9,18	13,92	19,43	6,49	22,39	27,83	13,43	28,55	19,77	17,88	18,99
"SM 36:2;O2"	1,98	4,78	6,28	7,49	4,57	4,36	3,07	5,10	4,01	2,02	4,28	5,89	1,92	6,70	7,72	4,43	7,87	5,94	6,62	7,14
"SM 37:1;O2"	0,00	0,00	0,00	0,00	0,00	0,00	0,00	0,00	0,00	0,00	0,00	0,00	0,00	0,00	0,00	0,00	0,54	0,00	0,00	0,00
"SM 38:1;O2"	2,74	5,99	8,29	11,89	8,30	6,21	4,57	6,90	5,76	3,95	5,64	8,27	2,48	8,18	10,85	4,62	12,56	7,32	7,56	9,55
"SM 38:2;O2"	0,00	2,09	2,88	3,07	2,58	2,35	1,64	2,73	1,77	0,99	1,95	3,01	0,82	2,90	3,81	1,76	4,00	2,75	3,28	3,68
"SM 39:1;O2"	0,00	0,00	0,96	1,38	1,21	1,10	0,70	1,08	0,00	0,51	0,56	1,40	0,00	0,99	1,53	0,00	2,69	1,03	1,26	1,80
"SM 40:0;O2"	0,00	0,00	0,00	0,00	0,00	0,00	0,00	0,00	0,00	0,00	0,00	0,00	0,00	0,00	0,00	0,00	0,00	0,00	0,00	0,00
"SM 40:1;O2"	8,39	16,23	18,69	29,60	17,69	13,58	11,80	15,47	15,83	11,03	13,00	18,19	5,03	18,01	26,45	14,29	33,43	20,73	15,41	20,57
"SM 40:2;O2"	6,29	8,99	11,26	12,77	9,80	10,30	8,30	9,32	8,82	5,59	6,93	10,70	4,07	10,22	14,44	9,37	16,41	12,05	12,19	15,32
"SM 40:3;O2"	0,00	0,00	0,73	0,98	0,93	0,89	0,53	0,65	0,00	0,00	0,55	1,14	0,00	0,84	1,16	0,00	1,25	0,98	0,88	1,13
"SM 41:1;O2"	2,95	4,72	6,29	9,25	5,70	5,76	4,51	6,16	5,45	3,61	3,43	6,78	1,36	6,17	9,36	3,83	14,74	6,39	5,58	7,65
"SM 41:2;O2"	2,56	2,90	3,77	4,15	4,33	4,51	2,98	3,68	3,10	1,94	2,29	4,00	1,10	3,54	5,15	3,07	7,75	4,11	4,59	5,90
"SM 42:1;O2"	5,72	13,58	13,53	20,50	13,04	12,30	10,76	13,79	15,67	9,90	10,20	15,12	3,53	11,15	18,50	12,20	26,82	16,75	11,03	15,61
"SM 42:2;O2"	32,44	48,95	50,12	69,20	54,63	52,01	38,74	43,58	49,71	37,72	42,30	46,29	25,62	56,83	63,83	57,85	74,74	50,60	47,47	64,72
"SM 42:3;O2"	15,61	18,04	25,21	25,12	24,83	20,69	18,46	19,26	18,70	11,07	16,96	22,46	9,50	23,19	28,04	23,15	30,05	26,57	23,57	27,97
"SM 42:4;O2"	0,00	0,84	1,50	1,44	1,72	1,53	1,36	1,26	1,02	0,71	0,91	1,71	0,00	1,15	1,80	1,22	2,73	2,09	1,51	3,75
"SM 43:1;O2"	0,00	0,00	0,00	0,00	0,00	0,00	0,00	0,00	0,00	0,00	0,00	0,00	0,00	0,00	0,00	0,00	0,48	0,00	0,00	0,00
"SM 43:2;O2"	0,00	0,00	0,00	0,67	0,72	0,00	0,00	0,00	0,00	0,00	0,00	0,00	0,00	0,36	0,00	0,00	0,66	0,00	0,00	0,74
TG 46:1	0,00	0,00	0,00	0,00	0,00	0,00	0,00	0,00	0,00	0,00	0,00	0,00	0,00	0,00	0,00	0,00	0,00	0,00	0,00	0,00
TG 46:2	0,00	0,00	1,34	0,00	0,00	0,00	0,00	0,00	0,00	0,00	0,00	0,00	0,00	0,00	0,00	0,00	0,00	0,00	0,00	0,00
TG 48:0	0,00	0,00	0,00	0,00	0,00	0,00	0,00	0,00	0,00	0,00	0,00	0,00	0,00	0,00	0,00	0,00	0,00	0,00	0,00	0,00
TG 48:1	0,00	0,00	0,20	0,61	0,49	0,00	0,00	0,00	0,00	0,00	0,38	0,00	0,00	0,00	0,00	0,00	0,00	0,00	0,00	0,00
TG 48:2	0,00	0,00	2,35	0,99	1,60	0,00	0,62	0,00	0,00	0,77	0,89	0,00	0,00	0,00	0,00	0,00	0,74	0,00	0,00	0,00
TG 48:3	0,00	0,00	0,59	0,00	0,72	0,00	0,00	0,00	0,00	0,00	0,00	0,00	0,00	0,00	0,00	0,00	0,00	0,00	0,00	0,00
TG 49:1	0,00	0,67	1,26	0,15	1,13	0,00	0,08	0,49	0,62	0,50	0,70	0,39	0,00	0,35	0,87	0,82	0,74	0,22	0,68	0,25
TG 49:2	0,00	7,31	4,88	5,37	5,35	1,09	4,31	2,70	2,17	2,50	8,63	0,61	1,18	0,64	0,97	4,09	2,58	2,14	1,27	1,87
TG 50:0	0,00	1,84	2,49	2,03	6,22	1,00	1,98	1,37	0,00	1,46	1,87	0,53	0,89	0,36	0,00	1,35	1,00	1,42	0,55	1,29
TG 50:1	0,00	0,00	0,00	0,00	1,25	0,00	0,00	0,00	0,00	0,34	0,00	0,00	0,00	0,00	0,00	0,00	0,00	0,00	0,00	0,00
TG 50:2	0,00	0,00	0,00	0,00	1,17	0,00	0,00	0,00	0,00	0,00	0,59	0,00	0,00	0,00	0,00	0,00	0,00	0,00	0,00	0,00
TG 50:3	0,00	0,00	0,00	0,00	0,00	0,00	0,00	0,00	0,00	0,00	0,00	0,00	0,00	0,00	0,00	0,00	0,00	0,00	0,00	0,00
TG 50:4	0,00	0,00	0,00	0,00	0,00	0,00	0,00	0,00	0,00	0,00	0,00	0,00	0,00	0,00	0,00	0,00	0,00	0,00	0,00	0,00
TG 51:1	6,04	37,71	30,40	30,06	24,70	6,48	14,66	13,54	16,15	11,67	28,51	8,89	7,23	5,51	13,63	30,65	12,30	18,72	9,28	5,23
TG 51:2	7,16	22,55	21,33	37,35	34,92	6,61	18,43	13,28	21,18	10,83	27,22	9,84	8,91	4,60	10,38	26,67	10,84	17,64	7,69	10,28
TG 52:1	2,23	3,01	4,22	7,86	10,27	2,09	5,32	4,00	4,65	1,93	3,99	1,90	3,32	1,14	2,47	4,61	2,80	5,69	1,18	3,89
TG 52:2	0,00	0,00	0,00	0,00	1,36	0,00	0,00	0,00	0,00	0,00	0,00	0,00	0,00	0,00	0,00	0,00	0,00	0,00	0,00	0,40
TG 52:3	0,00	0,00	0,00	0,34	0,57	0,00	0,00	0,00	0,00	0,00	0,42	0,00	0,00	0,00	0,00	0,00	0,00	0,00	0,00	0,00
TG 52:4	0,00	0,00	0,57	1,37	2,13	0,00	0,80	0,45	0,00	0,00	0,89	0,00	0,00	0,00	0,00	0,00	0,45	0,52	0,00	0,44
TG 52:5	0,00	0,00	0,00	0,00	0,00	0,15	0,00	0,00	0,71	0,00	2,99	0,00	0,00	0,00	0,00	0,00	2,85	0,00	0,00	0,00
TG 54:2	19,75	61,45	74,55	107,85	64,46	13,88	56,13	42,32	57,87	23,99	67,81	27,30	30,10	21,51	43,97	65,66	30,07	46,40	19,55	22,54
TG 54:3	7,25	37,96	20,25	23,80	27,15	8,72	28,53	16,41	32,88	14,50	71,42	21,71	11,49	11,59	9,77	51,65	7,55	24,75	11,64	19,00
TG 54:4	0,00	0,00	13,35	18,44	0,35	1,13	6,74	2,95	1,34	1,54	0,82	0,45	0,00	1,65	0,00	0,74	3,87	14,49	2,75	0,00
TG 54:5	0,00	0,00	0,00	0,74	2,12	0,00	0,73	0,00	0,00	0,00	0,00	0,00	0,00	0,00	0,00	0,00	0,00	1,24	0,00	0,38
TG 54:6	0,00	0,00	0,00	6,35	0,00	0,00	1,38	0,35	0,00	0,74	1,67	0,00	0,00	1,33	0,00	0,00	2,29	1,88	0,00	0,00
TG 56:5	0,00	0,00	4,63	13,14	14,76	0,00	10,20	0,97	0,00	0,01	0,90	0,16	1,02	0,44	1,24	2,51	0,26	7,31	0,61	1,03
TG 56:6	1,35	7,93	8,06	9,09	9,42	0,72	3,85	2,03	4,21	3,60	6,09	2,15	0,47	4,72	8,80	6,35	2,23	8,97	1,47	0,46
TG 56:7	0,92	0,00	3,54	6,35	7,30	1,37	7,43	0,58	3,44	2,54	0,45	0,74	2,31	3,15	4,74	0,57	0,78	6,68	2,31	0,44
TG 56:8	0,00	0,00	2,13	1,55	3,11	0,79	3,08	0,42	1,39	0,89	4,11	0,00	1,26	1,02	0,00	0,72	0,98	3,19	0,76	1,22
TG 58:11	0,00	0,00	0,27	0,86	0,15	0,00	0,66	0,00	0,00	0,25	0,53	0,00	0,00	0,32	0,43	0,00	0,00	0,25	0,17	0,22
TG 58:5	0,64	0,25	2,87	2,94	2,30	0,75	2,98	0,83	1,90	0,62	4,04	0,53	1,73	1,62	0,87	0,62	0,68	1,37	0,88	1,00
TG 58:7	1,21	2,26	4,21	3,38	3,35	2,50	5,25	2,28	2,76	0,75	6,31	1,90	2,89	2,69	1,51	1,60	1,53	3,39	1,86	2,02
TG 58:8	1,02	2,38	3,20	2,61	2,29	1,32	4,69	1,58	1,38	0,00	5,64	1,84	2,32	1,95	1,26	1,91	1,32	3,09	1,32	1,26
TG 58:9	0,00	0,00	0,63	0,00	0,72	0,00	1,34	0,49	0,00	0,00	1,72	0,56	0,00	0,58	0,00	0,00	0,58	0,97	0,00	0,45
FA 14:0	3,61	2,88	3,56	5,60	3,25	7,96	1,68	2,93	2,77	1,87	4,74	1,61	2,99	3,63	2,48	3,39	1,44	2,12	4,11	2,48
FA 16:0	53,89	65,56	122,72	161,70	62,24	149,82	38,90	76,84	92,56	39,64	108,58	59,84	65,86	127,58	78,70	109,27	44,31	68,25	102,98	44,06
FA 16:1	6,93	9,84	11,99	24,16	15,89	29,37	6,45	11,94	8,11	4,75	31,02	8,03	9,85	19,84	9,40	18,67	9,19	9,25	15,14	9,97
FA 18:0	26,59	28,48	37,99	44,22	22,71	65,77	15,87	23,94	35,07	17,25	33,68	23,45	23,25	49,76	34,47	31,88	35,60	26,23	36,68	18,79
FA 18:1	66,04	127,61	309,93	415,15	129,61	343,06	79,31	135,12	139,11	75,45	374,19	146,72	124,64	486,19	224,77	228,06	78,17	111,36	204,44	91,00
FA 18:2	21,92	43,10	101,73	122,71	52,59	115,28	30,77	53,05	66,15	26,23	108,01	54,13	49,29	114,45	73,53	83,98	20,77	67,91	89,14	32,75
FA 18:3	0,00	0,00	3,02	3,75	2,29	4,83	0,00	1,77	0,00	0,00	3,12	1,10	0,00	2,98	0,00	0,00	0,00	2,41	2,77	0,00
FA 20:3	0,00	0,00	2,45	3,38	0,00	3,19	0,00	0,00	0,00	0,00	3,54	1,33	0,00	3,55	2,59	0,00	0,00	0,00	1,68	0,00
FA 20:4	0,00	0,00	0,00	1,85	1,11	2,29	0,00	0,00	0,00	0,00	1,74	0,99	0,00	1,94	1,52	0,00	0,00	0,00	0,00	0,00
FA 22:6	0,00	0,00	0,00	1,72	3,82	6,67	0,00	0,00	0,00	0,00	1,26	1,18	0,00	2,10	1,83	0,00	1,16	0,00	0,00	0,00
PI 34:1	0,00	0,00	0,00	0,00	2,18	0,00	0,00	0,00	0,00	0,00	0,00	0,00	0,00	0,00	0,00	0,00	0,00	0,00	0,00	0,00
PI 34:2	0,00	0,00	0,00	0,00	0,00	0,00	0,00	0,00	0,00	0,00	0,00	0,00	0,00	0,00	0,00	0,00	0,00	0,00	0,00	0,00
PI 36:2	0,00	5,86	3,77	5,29	5,12	0,00	5,38	3,23	7,50	0,00	0,00	2,80	0,00	1,99	0,00	11,87	2,45	3,77	4,45	3,99
PI 36:4	0,00	0,00	0,00	0,00	4,44	0,00	0,00	0,00	0,00	0,00	0,00	0,00	0,00	0,00	0,00	0,00	0,00	0,00	0,00	0,00
PI 38:3	0,00	1,31	0,00	0,15	0,97	0,00	0,00	0,00	0,00	0,00	0,00	0,00	0,00	0,00	0,00	0,00	0,00	0,00	0,00	0,00
PI 38:4	8,92	24,29	23,56	32,19	28,51	7,51	21,82	12,29	23,66	10,19	31,66	16,20	6,55	11,82	12,44	34,10	10,31	14,92	21,23	17,72