"feature","BS-064D10","JV-035D10","JV-048D10","KT-515D10","KT-926D10","JV-148D10","JV-157D10","KT-193D10","KT-247D10","KT-312D10","KT-347D10","KT-352D10","KT-417D10","KT-434D10","KT-522D10","KT-525D10","KT-565D10","KT-612D10","KT-705D10","KT-718D10","BS-082D10","BS-336D10","BS-346D10","BS-351D10","BS-364D10","BS-377D10","JV-138D10","KT-313D10","KT-412D10","KT-445D10","KT-537D10","KT-538D10","KT-539D10","KT-663D10","KT-695D10","KT-716D10","KT-723D10","KT-771D10","KT-805D10","KT-880D10","KT-974D10","BS-671D10"
"DG 32:0","0.14922","0.4456","-0.00436","0.25527","-0.04576","0.29226","0.04139","0.14301","0.13988","0.72016","-0.29243","0.30535","-0.3098","-0.27572","-0.26425","0.20683","0.30535","0.64246","0.0607","-0.08092","-0.0655","0.11727","0.6637","0.20683","-0.13668","0.37658","0.64444","-0.00436","0.04922","0.21484","-0.35655","0.17898","-0.14267","0.26717","-0.03621","-0.5941","0.14613","0.36173","0.38917","0.28103","-0.39167","-0.21467"
"DG 32:1","0.23805","0.61278","-0.07572","0.22272","-0.87771","0.3032","-0.09691","0.02119","0.06819","0.44248","-0.3279","0.26482","-0.7138","-0.25181","-0.44292","-0.04576","0.17609","0.05308","0.12057","-0.10791","-0.11919","0.07918","0.4456","0.08636","0.01284","0.31387","0.43297","-0.01323","-0.14267","0.02938","-0.26761","0.0569","-0.18709","0.27646","-0.20761","-0.78966","-0.02228","0.21748","0.30963","0.22272","-0.78212","-0.79964"
"DG 34:1","0.70927","0.94596","0.60746","0.91908","0.61066","0.82866","0.74036","0.61172","0.87564","0.82995","0.5302","0.89542","0.47276","0.55991","0.53403","0.75967","0.79865","0.80754","0.4843","0.79518","0.50106","0.67117","1.05308","0.70501","0.7574","0.82672","0.97405","0.41497","0.66464","0.8109","0.35025","0.88986","0.64147","0.87967","0.67578","0.12057","0.7348","0.85248","1.02979","0.99432","0.29226","0.5563"
"DG 36:3","-0.03621","0.16435","0.33244","0.52244","0.13672","0.21748","0.35025","0.01284","0.12385","0.43457","0.06819","0.35603","0.0086","0.02531","-0.06048","0.23805","0.21219","0.31597","-0.00436","0.55509","-0.18046","0.21484","0.70927","0.20683","0.07918","0.12385","0.40993","-0.16749","0.45637","0.43933","0.07188","0.34635","0.03743","0.35603","0.20412","-0.11919","0.35411","0.37658","0.69984","0.20952","-0.12494","0.17026"
"DG 34:2","-0.03152","0.22011","0.04922","0.18184","-0.20066","0.12385","0.09691","-0.01773","-0.01323","0.19866","-0.13077","0.1959","-0.37675","-0.25181","-0.16912","-0.05552","0.01703","0.04922","-0.3279","0.13988","-0.73182","-0.10237","0.23553","0.07188","-0.07572","-0.08092","0.2014","-0.31876","-0.01773","0.11394","-0.36653","0.13033","-1.01389","0.24551","-0.09151","-0.57035","0.12057","0.18469","0.29667","0.17898","-0.37349","-0.33775"
"DG 36:1","-0.63827","-0.82824","-0.74473","-0.42022","-0.33248","-0.58503","-0.49485","-0.67778","-0.45593","-0.5376","-0.65758","-0.3279","-0.45411","-1.09691","-0.9663","-0.38722","-0.58503","-0.39794","-0.92082","-0.50864","-1.10232","-0.72125","-0.46852","-0.5376","-0.31857","-0.46852","-0.18709","-0.64587","-0.40894","-0.50864","-0.74473","-0.52288","-0.52018","-0.49485","-0.74473","-0.50378","-0.52288","-0.24413","-0.27572","-0.43211","-0.73243","-0.84136"
"DG 36:2","0.61172","0.69984","0.57519","0.83378","0.52634","0.57287","0.81954","0.57864","0.58206","0.3784","0.34242","0.6721","0.36361","0.45637","0.49969","0.67117","0.5977","0.63347","0.42651","0.68034","0.26717","0.57634","0.93247","0.66558","0.55145","0.52504","0.91116","-0.10237","0.46982","0.75205","0.22531","0.79796","0.5563","0.6721","0.55267","0.13354","0.67943","0.74036","0.90146","0.70329","0.35793","0.39445"
"CAR 18:1","-0.54532","-0.4978","-0.72281","-0.73565","-0.49987","-0.54496","-0.67765","-0.77128","-0.88606","-0.4418","-0.74064","-0.85387","-0.60295","-0.91666","-0.78693","-0.5376","-0.43181","-0.57792","-0.85387","-0.95861","-0.79588","-0.88606","-0.58503","-0.86484","-0.39794","-0.93634","-0.4558","-0.58321","-0.39794","-0.69897","-0.66799","-0.80964","-0.88606","-0.70826","-0.56864","-1","-0.5992","-0.88606","-0.88606","-0.74473","-0.79593","-0.85387"
"CE 18:2","-0.55739","-0.37172","0.53275","0.15836","-0.89259","0.34635","-0.7562","0.07918","0.12385","0.66558","0.56585","-0.78726","0.2014","0.49969","-0.44162","0.03342","-0.45168","0.60314","0.04139","0.40654","0.35411","0.65321","-0.87965","-0.08619","0.48855","-0.22185","-0.74949","-0.72077","0.07555","-0.74914","-0.67597","0.36922","0.34044","-0.78215","-0.3098","0.66558","0.49136","0.51455","0.37658","-0.34399","-0.41104","0.17609"
"Cer 40:1;O2","-0.13077","-0.31876","0.1271","-0.30103","-0.39794","-0.08092","-0.23657","0.04922","-0.17393","0.21748","-0.27572","-0.25181","-0.25181","-0.37675","-0.13857","0.08636","-0.09691","0.13033","-0.23657","0.02119","-0.47234","0.06446","-0.18046","-0.31876","-0.24413","-0.18046","0.1959","-0.81995","-0.33724","-0.25181","-0.3279","-0.19382","-0.20761","-0.11351","-0.22915","-0.33724","-0.25964","-0.0655","-0.30103","-0.3098","-0.94275","-0.35655"
"Cer 41:1;O2","-0.3279","-0.48473","0.01284","-0.42022","-0.97838","-0.19382","-0.39385","-0.03621","-0.35655","0.16732","-0.33724","-0.42022","-0.30103","-0.52288","-0.58041","-0.11351","-0.35655","0.07918","-0.3098","-0.10791","-0.45741","0.0086","-0.39794","-0.42022","-0.30103","-0.35655","0.12385","-0.48958","-0.37675","-0.38722","-0.50864","-0.35655","-0.37675","-0.22915","-0.42022","-0.36653","-0.3279","-0.16749","-0.46852","-0.37675","-0.53294","-0.40841"
"Cer 42:2;O2","0.17026","0.00432","0.20952","-0.4437","0.07188","-0.29243","0.02531","-0.25964","0.16732","0.16137","0.10721","0","-0.04576","0.07188","-0.12543","-0.19382","-0.22915","0.11727","0.0569","0.23805","-0.23657","-0.33724","-0.01323","-0.48149","-0.04096","-0.05552","-0.22185","-0.24413","-0.01323","0.07918","-0.30103","0.07918","0.04532","-0.31876","0.12057","-0.02687","-0.40894","-0.24413","0.15836","-0.05552","-0.09151","0.0086"
"LPC 13:0","-0.49525","-0.74917","1.30363","1.09167","-0.48555","1.14922","-0.46719","-1.03609","-0.59641","1.031","-0.52967","1.19838","-1.02938","1.09726","-0.20913","-0.6096","1.14489","-0.59419","0.93802","1.03019","-0.52141","-0.92372","0.98945","0.89873","-0.31454","0.99078","1.23045","1.02857","1.12969","-0.80103","0.99826","-0.68503","-0.6366","-0.48674","-0.56802","1.08672","1.7721","-0.77769","1.09237","-0.47297","-0.37411","1.16047"
"LPC 14:0","1.31597","1.48273","1.44358","0.94841","-0.96437","1.2938","1.07188","1.49499","1.29292","-0.47705","1.18949","1.22763","1.20194","0.91328","-0.68654","1.33325","1.25431","1.08565","1.37383","1.19811","-0.51317","1.25479","1.14706","1.22037","1.43569","1.45545","1.07773","1.01912","1.34967","1.30341","1.1271","1.13066","-0.64934","1.16137","1.10346","1.28623","1.04179","1.44295","1.14457","-0.53529","-0.74214","1.23654"
"LPC 15:0","-0.72326","-0.42379","-0.77291","0.99476","-1.16337","1.24674","-0.50561","1.16167","0.98588","1.03463","-0.51822","1.12937","-0.68464","-0.80599","-0.31778","1.34947","1.18241","-0.66538","1.07882","-0.92385","-0.41991","0.98632","1.27439","-0.84846","1.08849","0.87737","0.99078","-0.50924","0.89098","1.09552","-0.70292","1.11193","-0.6516","1.21165","0.99957","-0.54822","-0.64972","1.11926","-0.73335","-0.44095","-0.40293","-0.94397"
"LPC 16:0","3.38426","3.15422","3.303","3.16952","3.25706","3.23593","3.36574","3.48374","3.38007","3.3401","3.41743","3.34677","3.28927","2.98842","3.22643","3.55222","3.42337","3.25649","3.31636","3.39767","3.0898","3.35824","3.46632","3.19525","3.45889","3.26328","3.22335","2.96107","3.40412","3.41427","3.26349","3.36296","3.37957","3.47329","3.46165","3.26366","3.26448","3.36789","3.36033","3.14702","3.10959","3.33524"
"LPC 16:1","1.88252","1.84597","1.57043","1.67578","1.39252","1.71341","1.49914","1.98096","1.61679","1.55376","1.67688","1.65157","1.77393","1.3298","1.68895","1.81171","1.6994","1.37218","1.70603","1.57623","1.49304","1.74958","1.92701","1.65225","1.68975","1.54543","1.72016","-0.46378","1.56514","1.63225","1.57229","1.74531","1.8273","1.74523","1.89509","1.31175","1.52634","1.719","1.51957","-0.37257","1.28375","1.63124"
"LPC 17:0","1.36996","-0.66254","-0.7816","1.41263","-1.21652","1.43791","1.00518","1.32654","1.25164","1.38382","1.41597","1.3822","-0.36998","-0.87578","1.35774","1.57148","1.51362","1.24699","1.46687","1.12743","-0.44327","1.25139","1.5012","0.9652","1.19507","1.27207","1.28398","-1.13243","1.26998","1.41664","1.14706","1.29447","1.30557","1.54444","1.51055","1.25431","1.07298","1.33325","0.98408","1.2408","-1.07881","1.03902"
"LPC 18:0","2.95436","2.71508","2.97588","2.80895","2.86448","2.85723","2.91217","3.00691","2.92045","2.92552","2.92743","2.93763","2.88718","2.58838","2.8593","2.98734","2.98429","2.89188","2.96793","2.87161","2.64825","2.95783","2.87539","2.79419","2.97053","2.74925","2.91431","2.62236","2.98168","3.00603","2.87829","2.84846","3.00831","2.98904","3.01578","2.74486","2.79602","2.88772","2.82388","2.70422","2.66567","2.74921"
"LPC 18:1","2.86388","2.65415","2.71503","2.63228","2.7126","2.60002","2.78993","2.82065","2.72848","2.76985","2.68086","2.66069","2.70077","2.34457","2.78995","2.80503","2.73183","2.61677","2.69905","2.67064","2.47452","2.65238","2.88281","2.6558","2.79405","2.69299","2.72304","2.21479","2.61551","2.63705","2.7819","2.71378","2.76202","2.75872","2.80994","2.52052","2.76109","2.67698","2.70372","2.3838","2.69123","2.7895"
"LPC 18:2","2.71637","2.56801","2.75781","2.53763","2.62133","2.51631","2.79837","2.95871","2.71466","2.61766","2.77677","2.63065","2.83547","2.54711","2.50732","2.78342","2.78219","2.56767","2.66664","2.92343","2.20909","2.46713","2.82718","2.51783","2.58417","2.66155","2.71487","1.95732","2.67283","2.39936","2.81894","2.66642","2.42076","2.61506","2.77506","2.82683","2.76133","2.60957","2.58855","1.63599","2.84875","2.75765"
"LPC 18:3","2.1944","2.02674","2.00108","1.95641","2.07857","1.83985","2.09674","2.17479","2.05273","2.17333","2.05629","1.97635","2.06692","1.83632","2.03282","2.12827","2.09764","1.91041","2.01937","1.97451","1.84036","2.13056","2.10728","1.93389","2.1931","1.99034","2.05751","1.83206","2.04755","2.03411","1.99704","2.14557","2.05434","2.10336","2.09412","1.92552","1.85546","2.01937","2.04879","2.05892","1.89515","2.06206"
"LPC 20:3","2.0271","1.84186","1.90988","1.77735","1.32305","1.86788","1.83916","2.16411","1.88902","2.02015","1.93212","2.05801","1.95071","1.50826","1.61119","2.17114","2.01803","1.73608","1.8223","1.83778","1.61627","1.91466","2.07671","1.80468","1.8875","1.93561","1.922","1.52943","1.91089","1.80889","2.01339","1.87955","1.78283","2.02674","2.07284","1.77056","1.93927","1.95842","1.6696","1.49734","1.70621","1.79239"
"LPC 20:4","2.33084","2.01745","2.15011","2.07041","2.0561","2.1322","2.3138","2.36434","2.14457","2.18099","2.20333","2.17289","2.178","1.93561","2.17426","2.33177","2.21112","2.01511","2.15073","2.21762","1.85242","2.02127","2.27305","1.87743","2.02796","2.17745","2.16687","1.8236","2.23047","2.28526","2.18775","2.15918","2.21349","2.19767","2.33642","2.22745","2.42065","2.31042","2.18418","2.0003","2.07566","2.14977"
"LPC 20:5","-0.56538","-0.62868","-0.86788","0.80956","-0.30969","-0.49684","-0.51034","1.3298","-0.61137","1.01242","-0.64032","0.85854","-0.42084","-0.76122","-0.12445","-0.86518","-0.44315","-0.6247","1.04922","1.21299","-0.67614","-1.17175","1.05805","-0.7082","-0.82489","0.98588","-0.46859","-0.43324","1.07408","-0.74958","1.07225","-0.60527","-0.65499","-0.69292","0.99388","0.9058","1.02119","0.99344","0.91593","-0.42641","-0.55346","-0.86182"
"LPC 22:5","-1.04515","-0.40493","1.0835","0.82217","-1.06304","1.09517","1.20167","1.15442","0.89982","0.99255","1.30835","1.01115","1","0.83948","-0.32236","1.08099","-0.55947","0.8537","0.75051","0.97772","-0.57234","0.92788","1.05077","-0.71935","-0.39792","0.96614","0.91593","0.9987","1.04571","0.95904","0.77085","-0.88368","-0.48247","1.12872","1.20898","0.98318","1.40243","1.2408","1.17926","1.08636","-0.80955","1.00604"
"LPC 22:6","1.38739","1.35411","1.43152","1.58838","1.4833","1.66039","1.37767","1.65992","1.60498","1.61521","1.66829","1.49568","1.33062","1.2003","1.44623","1.55437","1.43823","1.31408","1.47871","1.69408","1.10585","1.44669","1.78689","1.03383","1.38987","1.49164","1.43489","1.32325","1.71483","1.54962","1.56289","1.29688","1.26647","1.46255","1.72689","1.42635","1.8757","1.5783","1.41731","1.43088","1.30514","1.48785"
"LPC O-16:0","-0.53504","-0.32646","1.31785","1.06221","-0.72534","1.0141","1.16435","1.13577","1.28103","1.26007","1.39463","1.19089","1.23502","0.92221","-0.46313","1.2971","1.14082","1.10483","1.15412","1.06633","-0.64975","1.20683","1.37254","1.0983","1.59195","1.02325","-0.49466","1.16879","1.31827","1.43329","1.32634","1.0306","1.40993","1.23426","1.30146","1.11261","1.16732","1.40329","1.08243","1.15927","-0.69309","1.32284"
"PC 30:0","0.47712","0.74429","0.35603","-0.04576","-0.2912","0.38202","-0.02228","0.63246","0.45788","0.82413","0.01284","0.27646","0.17026","-0.09691","0.19866","0.16732","0.4133","0.37475","0.60314","0.233","-0.08619","0.17319","0.36173","0.44404","0.33041","0.54407","0.41996","0.47276","-0.18046","0.03743","-0.01323","0.04922","-0.00436","0.33646","-0.13668","0.34044","-0.07572","0.39794","-0.19382","0.66181","-0.1549","0.1038"
"PC 32:0","1.19117","1.24378","1.12352","0.95424","0.97451","1.10278","1.00561","1.28914","1.22298","1.42374","1.10585","1.15045","1.21112","0.83759","1.10243","1.21458","1.24204","1.29358","1.18184","1.22298","0.79934","1.07151","1.38148","1.14051","1.22608","1.08314","1.27439","0.88649","0.91645","1.08849","0.943","1.01199","1.14737","1.18639","1.02036","1.01494","1.03543","1.19535","0.93095","1.37566","0.95182","1.077"
"PC 32:1","1.53288","1.61878","1.12385","1.08279","0.89542","1.37162","0.97128","1.5876","1.23729","1.70234","1.031","1.2418","1.25527","0.79518","1.34242","1.13799","1.29535","1.11294","1.28171","1.08422","0.96988","1.28443","1.46045","1.3681","1.1959","1.18752","1.57008","1.00475","0.6464","0.91908","0.8109","1.27738","1.29994","1.36977","1.10483","0.79309","0.86213","1.24304","0.91487","1.58138","0.81889","0.96473"
"PC 32:2","0.08991","0.43775","0.29447","-0.26761","-0.3184","-0.05552","-0.10237","0.38561","0.09691","0.39794","-0.05552","-0.06048","0.16435","-0.22185","-0.85602","-0.11919","0.0086","-0.01323","0.18184","0.26482","-0.59241","-0.01323","0.17898","0.0086","0.02938","0.14301","0.12057","-0.31876","-0.08619","-0.22915","-0.16749","0.02119","-0.19382","0.09691","-0.11919","0.09691","-0.21467","-0.09151","-0.14267","0.18469","-0.47833","0.0607"
"PC 34:1","2.63198","2.59111","2.38803","2.40581","2.32775","2.46818","2.40729","2.69454","2.57976","2.66556","2.39787","2.56759","2.50398","2.18472","2.48369","2.57945","2.57686","2.55335","2.52055","2.55778","2.23106","2.49689","2.73006","2.48827","2.5297","2.52679","2.73009","2.02812","2.15192","2.39841","2.25071","2.4777","2.57985","2.50444","2.40998","2.29112","2.24976","2.49118","2.37372","2.67638","2.29975","2.2663"
"PC 34:2","2.5519","2.53108","2.62682","2.45254","2.47719","2.29319","2.59478","2.69958","2.67627","2.74154","2.55025","2.56634","2.72139","2.38906","2.14866","2.65772","2.58392","2.65157","2.61102","2.85066","1.94591","2.48639","2.78476","2.54384","2.49969","2.56083","2.6666","1.84924","2.4364","2.35409","2.43167","2.59047","2.37269","2.50629","2.37096","2.56858","2.3571","2.47703","2.46395","2.42169","2.57488","2.44133"
"PC 34:3","1.0141","1.01662","0.90902","0.8014","0.5955","0.85187","0.74741","1.19312","0.88705","1.1807","0.82347","0.83696","0.98632","0.51587","0.77887","0.87157","0.90849","0.75128","1.08529","1.10924","0.54283","0.8055","1.17377","0.86094","0.77012","0.81291","1.10857","0.35603","0.62737","0.64933","0.64444","1.04805","0.79449","0.96848","0.90309","0.66652","0.57287","0.84572","0.63548","0.80618","0.58433","0.67117"
"PC 34:4","-0.12494","-0.16749","-0.21467","-0.37675","-0.47491","-0.18709","-0.40035","0.14922","-0.18046","-0.18709","-0.63464","-0.26761","-0.16749","-1.45656","-0.49258","-0.59949","-0.69487","-0.284","-0.01323","-0.18046","-0.4816","-0.22185","-0.03621","-0.95329","-0.38114","-0.02687","-0.00436","-0.31876","-0.22185","-0.22185","-0.83584","-0.21467","-0.52231","-0.50699","-0.72339","-0.04096","-0.60887","0.07188","-1.14695","0.11059","-0.43412","-0.79055"
"PC 36:1","1.96133","1.7402","1.67952","1.83181","1.53769","1.81598","1.69496","1.95482","1.82308","1.98263","1.56455","1.935","1.67034","1.37967","1.88992","1.88064","1.90493","1.9136","1.94532","1.70303","1.57978","1.79567","2.23782","1.91819","1.8589","1.69636","2.17333","1.3092","1.36192","1.6653","1.54605","1.76492","2.02894","1.94245","1.77757","1.45469","1.43152","1.88767","1.49624","1.71248","1.02857","1.27784"
"PC 36:2","2.32284","2.25144","2.3578","2.27265","2.17319","2.16059","2.31288","2.42656","2.37048","2.43323","2.23877","2.3229","2.3748","2.05675","2.15051","2.34665","2.40707","2.37363","2.41063","2.5266","1.90714","2.26043","2.5251","2.32296","2.27926","2.33335","2.47813","1.78979","2.21357","2.24983","2.16188","2.33965","2.21595","2.30209","2.22727","2.26935","2.15272","2.29815","2.18224","2.0596","2.21392","2.14842"
"PC 36:3","2.13884","2.08268","1.97174","1.92993","1.6861","1.90504","1.9752","2.21139","2.1087","2.20895","2.0202","2.14","2.0952","1.82575","1.79007","2.26783","2.1599","2.06524","2.05427","2.13915","1.75335","2.06416","2.2929","1.95221","2.02706","2.06187","2.11657","1.53301","1.87616","2.00043","1.86658","2.01557","2.01507","2.0535","2.03084","1.95631","1.80291","2.01957","1.92314","2.29059","1.85473","1.89851"
"PC 36:4","2.24672","2.08332","1.97968","2.03451","1.8857","2.03286","2.15561","2.36665","2.17967","2.157","2.10779","2.19089","2.17508","1.90309","1.91903","2.26005","2.11889","2.09499","2.17269","2.30068","1.77379","2.08117","2.34571","1.88762","2.02276","2.10164","2.23689","1.68574","2.06465","2.26588","1.95134","2.16328","2.22917","2.08001","2.06472","2.1717","2.04661","2.23287","2.01334","2.53953","1.92117","1.84466"
"PC 36:5","1.08458","0.94841","0.902","0.76193","0.68931","1.05652","0.79934","1.41514","0.8657","1.17173","0.94448","0.85552","0.86213","0.69461","1.00173","1.01787","1.07518","0.75967","1.10619","1.09934","0.92583","0.89376","1.14457","0.79029","0.8055","1.05956","0.97909","0.5172","0.95761","0.87737","0.8202","0.96047","0.78462","0.96661","0.99695","0.82086","0.90146","1.11025","1.06333","1.16286","0.70501","0.68664"
"PC 38:2","0.15229","0.35025","-0.23657","0.31806","0.09691","0.22272","0.17026","0.04532","0.34044","0.55871","-0.19382","-0.11919","0.32838","0.02119","0.52375","-0.05552","0.36549","0.41162","0.31806","-0.4437","0.16435","0.15534","0.67761","0.10037","0.43136","-0.58503","0.51587","0.09342","0.13988","-0.02228","0.3927","-0.20761","0.58995","0.48572","-0.13668","-0.284","0.1959","0.2878","-2","0.45939","-0.42022","0.19866"
"PC 38:3","1.82439","1.5417","1.62097","1.60152","1.07518","1.68583","1.63306","1.7647","1.56217","1.72599","1.65225","1.89785","1.61773","1.25212","1.4239","1.90752","1.74842","1.67173","1.63659","1.45606","1.43088","1.7751","1.84491","1.70842","1.55169","1.67897","1.75059","1.20276","1.60032","1.69241","1.3969","1.61289","1.65782","1.79678","1.74076","1.56146","1.35315","1.74202","1.51135","1.71609","1.21985","1.38346"
"PC 38:4","2.0221","1.82007","1.90423","1.92241","1.71675","1.93947","1.90352","2.04571","1.84936","1.89631","1.94265","2.00147","1.86344","1.63397","1.85751","2.06618","1.89702","1.92122","1.98327","1.95303","1.71299","1.89009","2.07033","1.82847","1.80996","1.8607","2.02812","1.61395","1.902","2.14931","1.64187","1.91787","2.02003","1.98623","2.01544","1.89014","1.85009","2.16289","1.82769","2.16693","1.69513","1.70492"
"PC 38:5","1.73384","1.56573","1.53618","1.617","1.42406","1.70432","1.69329","1.86581","1.702","1.69478","1.72255","1.71257","1.7014","1.40756","1.53945","1.7464","1.62459","1.65992","1.71063","1.81184","1.38917","1.67861","1.85769","1.45025","1.55157","1.64972","1.72493","1.2393","1.66011","1.78604","1.41313","1.58343","1.5885","1.69364","1.74827","1.65562","1.61215","1.76522","1.6291","1.90069","1.43409","1.46642"
"PC 38:6","1.70876","1.69144","1.58388","1.7155","1.60358","1.66987","1.62603","1.88857","1.7129","1.72485","1.80113","1.63094","1.55943","1.42455","1.57507","1.74966","1.70689","1.64972","1.72123","1.98547","1.34596","1.80665","1.87806","1.40858","1.57703","1.79007","1.74241","1.32593","1.79824","1.91793","1.56656","1.62221","1.59912","1.66708","1.71105","1.67761","1.68467","1.83027","1.62469","2.15314","1.48544","1.58794"
"PC 38:7","0.44871","0.33244","0.24304","0.26245","0.27184","0.13033","0.22272","0.48144","0.38561","0.50651","0.33646","0.30103","0.42975","0.1959","0.38021","0.41162","0.3784","0.12057","0.4133","0.38917","0.26717","0.27416","0.54407","0.26717","0.33244","0.24304","0.37475","0.25285","0.37291","0.35218","0.233","0.47276","0.32015","0.30103","0.32838","0.26951","0.22272","0.29447","0.3075","0.45025","0.29447","0.1959"
"PC 40:4","0.58659","0.36361","0.36173","0.38021","0.02531","0.63043","0.56467","0.49969","0.31387","0.5682","0.51851","0.63246","0.49693","-0.00877","0.37107","0.4843","0.44716","0.53275","0.29226","0.22531","0.3483","0.64933","0.77525","0.46982","0.40312","0.45788","0.61384","0.17609","0.29667","0.50515","0.17319","0.30963","0.67669","0.69373","0.54033","0.16137","0.3032","0.72509","0.26951","0.77525","0","0.21748"
"PC 40:5","1.20602","0.95713","0.95999","1.15655","0.85794","1.27323","1.1807","1.20844","1.0569","1.13386","1.19673","1.23452","1.16761","0.75511","1.02816","1.11093","1.0465","1.19893","1.09517","1.08314","0.82217","1.22376","1.41547","0.92428","0.97359","1.12483","1.18921","0.79657","1.09968","1.26505","0.76716","0.93146","1.11093","1.24822","1.22866","1.01912","1.02284","1.27967","1.02243","1.36549","0.73078","0.81425"
"PC 40:6","1.46598","1.3251","1.25768","1.53377","1.30557","1.53744","1.29535","1.50202","1.42521","1.48657","1.41531","1.51746","1.24279","1.01284","1.40483","1.45086","1.47828","1.50461","1.48586","1.53352","1.11628","1.50772","1.78625","1.19005","1.26951","1.41913","1.54555","1.0983","1.47727","1.59284","1.23452","1.31387","1.46538","1.49734","1.52022","1.26741","1.42406","1.56158","1.22789","1.7264","0.98137","1.14706"
"PC 40:7","0.46687","0.40824","0.01284","0.63749","0.24055","0.39094","0.38561","0.57749","0.51851","0.47422","0.42325","0.46687","0.31597","0.16137","0.56348","0.50786","0.44248","0.51322","0.62737","0.51455","0.24551","0.4609","0.72509","0.26717","0.39445","0.36922","0.57978","-0.31876","0.38739","0.57403","0.36173","0.43616","0.5172","0.48572","0.58546","0.31806","0.33244","0.47276","0.1959","0.716","0.13354","0.31806"
"PC 40:8","0.20952","0.11059","0.01703","0.12057","0.03342","0.0569","0.20683","0.29885","0.19312","0.03342","0.18469","0.15836","0.17319","-0.00436","0.1038","0.21484","0.14613","-0.17393","0.26007","0.24304","-0.04096","0.12385","0.34044","-0.00436","0.13672","0.13354","0.24055","-0.11919","0.18752","0.19312","-0.04096","0.15534","0.08279","0.20683","0.19866","0.08279","-0.02228","0.14301","0.16137","0.30535","-0.10237","0.01703"
"PC O-32:0","0.11059","0.17898","0.24055","-0.01773","-0.05552","0.02531","0.0086","0.18184","0.14301","0.21219","0.21748","0.09691","0.28556","-0.09151","-0.10643","0.15836","0.13033","0.27646","0.11394","0.09691","-0.51923","0.14613","0.27875","0.18184","0.32222","-0.00877","0.18752","-0.56796","-0.11919","0.13354","0.11059","-0.13077","0.13354","0.13988","0.01703","0.10721","-0.04576","0.19033","-0.24413","0.23553","0.05308","0.03743"
"PC 32:1;O/32:0;P","0.02938","-0.05552","0.10721","-0.73562","-0.90521","0.09342","-0.07572","0.1959","0.09691","0.2014","0.2014","-0.03621","0.29447","-0.08092","-0.31307","-0.04096","0.17609","0.07555","0.13988","0.22272","-0.36653","-0.03152","0.30535","0.11394","0.11727","-0.02687","0.15229","-0.22185","-0.0655","0.03342","-0.01323","-0.25181","0.04922","-0.04576","0.01284","0.22789","-0.04096","0.0607","-0.08619","0.06819","0.0086","0.01284"
"PC 34:0;P/34:1;O","0.51322","0.47276","0.56703","0.28556","0.39445","0.37475","0.40483","0.46538","0.54158","0.49554","0.56229","0.37107","0.58206","0.25527","0.2878","0.4456","0.53656","0.60097","0.52504","0.55023","-0.13668","0.40312","0.72016","0.57403","0.58206","0.35793","0.45788","0.03342","0.29667","0.51322","0.50515","0.3032","0.5302","0.44091","0.32428","0.40993","0.3075","0.54158","0.29447","0.5302","0.3927","0.42325"
"PC 34:1;P/34:2;O","0.63949","0.63144","0.7332","0.49276","0.38202","0.50786","0.51983","0.83822","0.6149","0.75967","0.67394","0.64345","0.74115","0.32015","0.36922","0.61066","0.80821","0.74115","0.77379","0.84634","0.15836","0.46835","1.09447","0.79099","0.74115","0.54283","0.90091","-0.07058","0.50515","0.7348","0.6637","0.4183","0.82802","0.62325","0.5563","0.62531","0.39094","0.6637","0.50651","0.59988","0.55023","0.5955"
"PC 36:1;P/36:2;O","0.04922","0.0607","0.22531","-0.03152","-0.07572","0.02531","0.01284","0.26482","0.10037","0.16137","0.25285","0.04922","0.233","-0.40894","-0.41313","0.02938","0.21219","0.28556","0.26482","0.26245","-0.37675","0.04139","0.56467","0.2878","0.25285","0.0607","0.24551","-0.66347","-0.03152","0.17319","0.15534","-0.07058","0.24304","0.10037","0","0.05308","-0.13668","0.21748","-0.04576","0.07188","0.06446","0.05308"
"PC 36:2;P/36:3;O","0.64246","0.5611","0.73878","0.54033","0.42651","0.50651","0.57171","0.81291","0.66181","0.67669","0.68931","0.62118","0.77159","0.3483","0.31175","0.71517","0.69461","0.71517","0.7574","0.77305","0.3784","0.60638","1.03902","0.75664","0.77597","0.5611","0.81023","0.08991","0.58771","0.82347","0.62428","0.5302","0.87506","0.69373","0.5955","0.69461","0.47422","0.78675","0.55751","0.68215","0.56229","0.62941"
"PC 36:3;P/36:3;O","1.0667","0.97772","1.13577","0.97081","0.90849","0.96848","1.01536","1.16256","1.07737","0.97955","1.09968","1.04766","1.16584","0.75967","0.78319","1.17143","1.02243","1.06558","1.11926","1.1726","0.85491","0.98272","1.31973","1.06333","1.15168","0.88705","1.1232","0.61066","1.06145","1.32077","1.02243","0.95376","1.30535","1.12024","1.03262","1.17319","1.03181","1.2388","0.98091","1.17348","1.06258","1.01995"
"PC 38:2;P/38:3;O","-0.04576","-0.14874","0.07188","-0.12494","-0.49857","-0.09151","-0.07572","0.09342","-0.00436","-0.0655","0.14301","-0.04576","0.20683","-0.19382","-0.11693","-0.02228","-0.00877","0.05308","0.09342","0.06446","-0.21467","-0.08619","0.21219","0.05308","0.17609","-0.03152","-0.12494","-0.92364","-0.11919","0.24797","0.0086","-0.30103","0.14301","0.0607","-0.11919","0.16137","-0.08092","0.17609","-0.20066","0.08991","-0.04096","-0.04096"
"PC 38:3;P/38:4;O","0.72591","0.64444","0.87737","0.65801","0.61805","0.69197","0.74819","0.81023","0.83059","0.63144","0.85065","0.65225","0.95809","0.55509","0.51851","0.82672","0.71096","0.77232","0.82995","0.83187","0.53403","0.71349","0.96284","0.75435","0.88081","0.68485","0.64048","0.3075","0.68395","1.03583","0.75128","0.64542","0.92531","0.8169","0.71767","0.88309","0.7767","0.94052","0.64048","0.84942","0.80618","0.76418"
"PC 38:4;P/38:5;O","0.86864","0.76193","1.02857","0.81023","0.85974","0.90091","0.91803","0.98498","0.9345","0.77743","1.02531","0.7839","1.07004","0.70757","0.76567","1.031","0.8055","0.93802","1.0249","0.96848","0.69108","0.88874","1.16584","0.84323","1.03141","0.69548","0.84198","0.55509","0.97128","1.19673","0.90687","0.92065","1.11361","0.93146","0.97267","0.97359","1.01452","1.07737","0.8791","0.98318","0.90634","0.9284"
"PC 40:3;P/40:4;O","-0.73388","-0.85578","-0.1549","-0.38722","-0.27572","-0.284","-0.90424","-0.16749","-0.22915","-0.4333","0.01284","-0.87345","0.04922","-0.26761","-0.80921","-0.77658","-0.44126","-0.14874","-0.14267","-0.02687","-0.50679","-0.22185","-0.51997","-0.16115","-0.02228","-0.23657","-0.45835","-0.45931","-0.25181","0.13672","-0.16115","-1.12511","-0.07058","-0.16115","-0.29243","0.0569","-0.21467","-0.09151","-0.80369","-0.05061","-0.14267","-0.17393"
"PE 38:4","0.95521","-1.16775","-0.52738","0.63448","-0.32055","-0.55013","-0.93589","0.98588","-0.60657","-0.83476","-0.51723","0.69548","-0.83233","-0.84421","-0.25474","-0.87925","-0.47774","0.94201","-0.79365","0.59439","-0.51751","-0.76364","0.83696","-0.8123","-0.54234","0.70243","1.13258","-0.66412","-0.98078","0.85187","-0.69111","0.77743","-0.42157","-0.42886","0.72997","-0.66486","-0.66034","1.15076","-0.58347","1.17114","-0.56661","-0.68921"
"PE 38:4;P/38:5;O","-0.62284","-0.80308","-0.63526","0.65128","-0.61468","-0.47485","0.90902","1.01452","-0.62489","-0.65064","-0.74196","-0.84761","-0.6878","-0.79924","-0.34883","-0.77863","-0.52786","0.90146","0.74036","0.76492","-1.70236","-0.90213","0.83569","-0.69619","-0.52412","0.68574","0.95036","-0.66929","0.8202","1.0187","-0.77293","-0.81211","0.88024","-0.70732","-0.5235","0.71433","-0.70449","0.98632","-0.57862","-0.38078","-0.62608","-0.74957"
"SM 32:1;O2","0.48714","0.46538","0.64444","0.45939","0.14613","0.42488","0.27416","0.64444","0.55267","0.77379","0.37475","0.39967","0.4843","0.21219","0.44716","0.52634","0.35793","0.3483","0.65706","0.74974","0.17319","0.40824","0.40654","0.26951","0.46538","0.37475","0.42651","0.29003","0.39794","0.44248","0.38021","0.24304","0.50243","0.55991","0.20683","0.66839","0.44871","0.53148","0.24055","0.70157","0.24055","0.37291"
"SM 33:1;O2","0.19312","-0.07058","0.22011","0.16435","0.07188","0.32222","0.0086","0.32428","0.27646","0.42488","0.17319","0.13033","0.1271","-0.11351","0.18752","0.3032","0.13988","0.10037","0.38202","0.49136","-0.05552","0.18752","0.27646","0","0.15229","0.02938","0.23805","-0.07058","0.10037","0.19033","0.09342","0.07918","0.25527","0.26482","0.0569","0.33041","0.22272","0.29885","-0.0655","0.3483","0.10721","0.18184"
"SM 34:1;O2","1.90504","1.85528","2.04415","1.81431","1.86159","1.82834","1.78796","1.99651","1.91046","1.95904","1.87495","1.74593","1.88593","1.66633","1.92241","1.89911","1.89916","1.80625","1.85327","2.00104","1.59306","1.82769","1.94096","1.80318","1.95871","1.77539","1.86028","1.69205","1.8072","1.8721","1.85733","1.80868","2.00587","1.98998","1.77967","1.91434","1.81291","1.9609","1.75159","2.05392","1.7965","1.91761"
"SM 34:2;O2","0.92221","0.84448","0.99211","0.80003","0.84073","0.8657","0.78176","0.99607","0.92065","0.92169","0.81425","0.76864","0.89982","0.65706","0.79169","1.02531","0.90849","0.82866","0.95809","1.09621","0.50515","0.90417","0.91169","0.77379","0.92117","0.83123","0.93752","0.59218","0.83569","0.80956","0.80686","0.83315","0.97818","0.93702","0.81358","0.943","0.83632","0.96755","0.83632","1.06333","0.77159","0.90091"
"SM 35:1;O2","-0.09691","-0.93575","-0.09691","-0.07572","-0.47875","0.04139","-0.63337","0.01703","-0.00436","0.08279","-0.10791","-0.18709","-0.21467","-0.73839","-0.00877","-0.01323","-0.10791","-0.20066","0.14613","0.0569","-1.14493","-0.08619","-0.10791","-0.27572","-0.48712","-0.09691","-0.03621","-0.51747","-0.24413","-0.14267","-0.24413","-0.73158","-0.01323","-0.04096","-0.22915","0.06446","-0.08092","0.1038","-0.93274","-0.01323","-0.17393","-0.09151"
"SM 36:1;O2","1.26951","0.99695","1.3438","1.04179","1.07115","1.08314","1.07482","1.35488","1.344","1.26245","1.08422","1.03822","1.18441","0.87216","1.21827","1.19005","1.10449","1.07004","1.26553","1.27807","0.80754","1.16524","1.13162","1.03503","1.1878","1.1878","1.22814","0.83948","1.05423","1.12905","1.08672","1.07628","1.33885","1.18298","1.09307","1.2783","1.18099","1.31323","1.09517","1.3516","0.99564","1.28691"
"SM 36:2;O2","0.81224","0.56467","0.84386","0.59329","0.62325","0.68753","0.67394","0.89982","0.86747","0.68215","0.60314","0.62941","0.65031","0.46982","0.76118","0.78319","0.68395","0.65321","0.87332","0.94498","0.39094","0.72509","0.64933","0.5966","0.69897","0.78032","0.86213","0.27416","0.62737","0.60853","0.67578","0.65706","0.82995","0.70757","0.6902","0.84634","0.74273","0.87679","0.76193","0.86688","0.57749","0.76567"
"SM 38:1;O2","0.89098","0.71684","1.03503","0.79449","0.63749","0.72754","0.70329","1.06145","0.98677","1.06781","0.78604","0.70501","0.90255","0.51455","0.81491","0.85187","0.79588","0.8739","0.91803","0.94498","0.45179","0.87332","0.84572","0.67025","0.8537","0.79029","0.94743","0.44871","0.84136","0.89597","0.76042","0.79727","1.04454","0.88762","0.72591","1.0162","0.90037","1.03543","0.75435","1.08707","0.68124","0.89763"
"SM 38:2;O2","0.54531","0.27646","0.54033","0.37291","0.30963","0.37107","0.35218","0.57634","0.54283","0.34439","0.38202","0.30103","0.3962","0.22789","0.47276","0.45179","0.39445","0.40483","0.56348","0.59218","0.03743","0.4609","0.40312","0.31387","0.45637","0.43933","0.54033","-0.04096","0.41996","0.38917","0.39794","0.42651","0.58659","0.39445","0.32838","0.57634","0.46687","0.60959","0.48001","0.60097","0.29885","0.45025"
"SM 39:1;O2","-0.51517","-0.35305","0.19312","0.02938","-0.36978","-0.02687","-0.67275","0.21219","0.12385","0.33244","0.00432","-0.12494","0.02531","-0.38722","-0.79003","-0.06048","-0.06048","-0.08619","0.23045","0.22789","-0.59911","0.07555","0.0607","-0.16115","-0.09691","-0.16749","0.17898","-1.12705","0.06446","0.09342","-0.14874","-0.09691","0.13672","0.08279","-0.13077","0.37475","0.11394","0.24304","-0.22185","0.23805","-0.12494","-0.08619"
"SM 40:1;O2","1.19618","1.05231","1.44483","1.16879","1.02979","1.08849","1.07846","1.41681","1.276","1.47611","1.19756","1.03583","1.31785","0.81358","1.06183","1.22531","1.22063","1.33846","1.18526","1.21192","0.89376","1.30728","1.2403","1.03463","1.26998","1.16167","1.37658","0.82995","1.20439","1.26529","1.00518","1.12418","1.42226","1.28691","1.11893","1.32572","1.24452","1.38382","1.05881","1.39863","1.05614","1.20656"
"SM 40:2;O2","1.0141","0.92891","1.12516","0.97909","0.8451","0.89042","0.90037","1.10037","1.0976","1.04139","0.89042","0.86982","1.07262","0.77305","0.94201","1.0216","0.99782","0.92686","1.10415","1.18921","0.67761","1.00389","0.99388","0.86629","0.98543","0.91803","0.99167","0.68124","0.99782","1.02857","0.88309","0.94448","1.14051","1.01284","0.94399","1.15229","1.02325","1.10003","0.95952","1.12287","0.93601","1.03342"
"SM 41:1;O2","0.60206","0.5302","0.9489","0.70243","0.54033","0.60423","0.48001","0.93095","0.74273","1.04999","0.73957","0.50379","0.86747","0.26245","0.49831","0.66558","0.60638","0.89321","0.76567","0.7007","0.3927","0.86982","0.72754","0.5611","0.79169","0.56348","0.96095","0.47276","0.78176","0.75815","0.43457","0.58995","0.89763","0.79029","0.57287","0.96708","0.81358","0.90363","0.46835","0.99078","0.53275","0.65418"
"SM 41:2;O2","0.50379","0.4133","0.65418","0.53403","0.40993","0.52504","0.34635","0.65992","0.60314","0.63849","0.60531","0.41996","0.64345","0.27184","0.47276","0.49554","0.46687","0.46835","0.71933","0.72263","0.23045","0.57978","0.57749","0.46538","0.52114","0.37475","0.61909","0.32838","0.58092","0.60959","0.36736","0.48001","0.67302","0.5955","0.47276","0.78247","0.62118","0.71181","0.40824","0.75128","0.48572","0.55991"
"SM 42:1;O2","0.99695","0.87679","1.33304","1.08279","0.79588","0.9952","0.90363","1.26031","1.05729","1.40586","1.08279","0.8488","0.94547","0.63949","0.90091","1.16256","1.05614","1.36549","1.04297","0.97405","0.6637","1.23855","1.07151","0.85431","1.21643","0.92583","1.29776","0.8293","1.08493","1.14301","0.84448","0.93095","1.27692","1.07482","0.97772","1.21352","1.18156","1.24551","0.89042","1.24204","0.92686","1.02284"
"SM 42:2;O2","1.69338","1.58331","1.7113","1.59395","1.59129","1.50745","1.54679","1.69566","1.72738","1.65475","1.67761","1.48714","1.75236","1.40381","1.66257","1.65302","1.61045","1.60681","1.66153","1.59362","1.30578","1.59693","1.64972","1.52061","1.69697","1.48586","1.57772","1.4524","1.61215","1.70689","1.55133","1.59835","1.81604","1.65244","1.57461","1.66736","1.63468","1.70381","1.56407","1.84782","1.56972","1.74757"
"SM 42:3;O2","1.26245","1.19921","1.30835","1.23729","1.24204","1.22324","1.15473","1.29973","1.30081","1.27184","1.32118","1.13672","1.3969","1.07773","1.23955","1.29667","1.21722","1.18355","1.3438","1.29754","0.9248","1.23553","1.23603","1.12969","1.29336","1.09132","1.18949","1.08279","1.22401","1.28847","1.22686","1.19117","1.38934","1.27184","1.23325","1.32118","1.33183","1.3604","1.21748","1.43345","1.19728","1.34163"
"SM 42:4;O2","0.02938","-0.0655","0.13033","0.07918","-0.01323","0.30103","-0.10791","0.08991","-0.02687","0.11059","0.16732","-0.13668","0.13672","-0.19382","-0.04096","0.03743","-0.08092","-0.14874","0.20412","0.15534","-0.46125","0.01284","0.03743","-0.11351","-0.01323","-0.16115","-0.00436","-0.14267","0.04139","-0.02228","-0.04576","-0.08619","0.1038","0.11727","0.1038","0.10037","0.19866","0.16732","-0.05552","0.26245","-0.17393","0.09691"
"TG 46:2","0.53908","0.4216","-0.04576","-0.75189","-0.47748","0.30103","-0.4494","0","-0.58493","0.55267","-0.37675","-0.83057","-0.79789","-0.18046","-0.1954","-0.72127","-0.53569","0.39094","0.19866","-0.58112","-0.60705","-0.29243","-0.6235","-0.26761","-0.68063","0.63448","0.16137","0.06446","-0.4318","-0.14874","-0.00877","-0.05061","-0.63698","-0.43255","-0.77948","-0.86757","-0.34679","-0.14267","-1.13953","0.04532","-0.56573","-0.70668"
"TG 48:1","0.14613","0.03743","-0.09691","-0.26761","-0.53021","-0.04576","-0.39475","0.13354","-0.08619","0.43297","-0.55755","-0.29243","-0.77656","-0.40894","-0.13077","-0.16749","-0.10237","0.15229","0.07555","-0.59339","-0.10791","0.17898","-0.49946","-0.12494","-0.11919","0.30535","0.32222","0.0569","-0.35655","-0.42022","-0.18709","0.09691","-0.3802","-0.47816","-0.62555","-0.70185","-0.34679","-0.10237","-0.35655","-0.13668","-1.55424","-0.4357"
"TG 48:2","0.91169","0.52763","0.71181","0.1038","-0.2996","1.01703","-0.16115","0.72509","0.3032","1.16167","0.04922","0.12385","-0.5821","0.02938","0.08991","0.39445","0.07918","0.89873","0.67852","-0.59805","0.02938","0.39094","0.15534","0.1271","0.08991","0.95952","0.73878","0.40824","-0.12494","0.33041","0.17898","0.70842","-0.57816","-0.58016","-0.55293","-0.46852","0.26007","0.64246","-0.03621","0.43933","-0.76684","-0.6623"
"TG 48:3","0.44404","0.4456","0.18752","-0.8428","-1.30279","0.26245","-0.43469","-0.11351","-0.88805","0.4624","-1.01183","-0.92711","-0.3708","-0.45593","-0.23881","-0.7537","-0.59831","0.17609","0.17609","-0.7388","-1.10289","-0.36653","-0.55096","-0.20066","-0.38352","0.19312","0.30103","-0.14874","-0.93376","-0.07572","-0.13668","0.12385","-0.73833","-0.7182","-1.20504","-0.57965","-0.45593","-0.06048","-0.89923","-0.42567","-0.61325","-0.53234"
"TG 49:1","-0.25964","-0.26209","-0.79439","-0.58503","-0.25964","-0.48869","-0.56864","-0.67038","-0.65711","-0.7233","-0.16749","-0.89985","-0.23657","-0.74473","-0.03621","-1.69897","-0.35655","-0.59218","-0.20066","-0.5376","0.1271","-0.80789","-0.82391","0.19312","-0.753","-0.81912","-0.63139","0.08636","-0.25181","-0.11919","0.03342","0.42325","-0.47153","-0.50135","-0.81725","-0.68753","-0.22915","-0.87191","-0.30103","-0.51947","-0.5306","-1.13661"
"TG 49:2","0.95472","0.9196","0.86332","0.94052","0.07188","1.24797","0.33846","1.00303","0.76492","1.37033","0.47129","0.85491","0.31806","0.3927","0.68485","0.81291","0.78888","1.15259","0.89597","0.43775","0.73159","1.07555","1.04999","0.63649","1.0141","1.20925","1.29557","0.69548","0.49415","0.68305","0.24055","0.95182","0.47712","0.79657","0.21748","-0.04576","0.85187","1.14457","0.60853","1.26858","-0.60646","0"
"TG 50:0","0.89763","0.88593","0.62634","0.57864","0.18469","0.96567","0.35984","0.68753","0.62325","1.1014","0.34044","0.54654","0.01703","0.27646","0.53908","0.5092","0.35411","0.79518","0.70672","0.33041","0.35984","0.74974","0.62428","0.5977","0.49693","0.66087","0.93095","0.3962","0.24797","0.37291","0.38917","0.72099","0.17609","0.74036","0.07188","0.05308","0.63649","0.85491","0.4609","0.88309","-0.60117","-0.09691"
"TG 50:1","0.13033","0.08636","-0.00877","-0.24413","-0.54771","0.19866","-0.52119","-0.07572","-0.20761","0.31387","-0.39794","-0.38722","-0.84517","-0.02687","-0.12555","-0.7074","-0.69595","-0.03152","-0.02687","-0.6334","-0.59621","-0.36653","-0.45899","-0.0655","-0.57047","-0.17393","0.16435","-0.19382","-1.34037","-0.21467","-0.09151","-0.03152","-0.36587","-0.10791","-0.83537","-0.62044","-0.40894","0.1271","-0.95727","-0.35177","-0.81103","-0.40712"
"TG 50:2","0.20952","-0.42162","-0.65941","0.15836","-0.97183","0.37291","-0.53406","-0.16749","-0.10237","0.21219","-0.76143","-0.16749","-0.87779","-1.1086","0.24797","0.21748","-0.0655","0.03342","-0.11919","-0.75155","-0.59862","0.00432","0.0086","-0.14267","-0.06048","0.08636","0.24055","-0.47925","-1.22579","-0.88923","-0.75302","-0.09151","-0.77238","0.01703","-0.53958","-1.12698","-0.18709","0.11727","-0.76861","0.16137","-0.7507","-0.35159"
"TG 51:1","1.47871","1.13481","1.33746","1.45179","1.22814","1.53377","1.25382","1.23376","1.24576","1.63185","1.14582","1.21325","0.91645","0.99078","1.50556","1.40773","1.23426","1.56585","1.06408","1.05385","1.08884","1.45894","1.41481","1.42781","1.33866","1.43473","1.5885","0.90417","1.04415","1.19645","0.84572","1.33766","1.10857","1.38792","0.96755","0.66558","1.39041","1.51148","1.26529","1.55364","0.60531","0.68305"
"TG 51:2","1.43249","1.33122","1.42406","1.46315","1.12775","1.65167","1.08493","1.3813","1.22453","1.71113","1.04766","1.21537","0.88593","1.04139","1.37712","1.26198","1.13481","1.51215","1.00173","1.086","1.12385","1.53694","1.33304","1.34596","1.31555","1.23376","1.65925","0.89154","0.93651","1.16077","0.81491","1.37931","1.05423","1.4833","0.89042","0.39794","1.37346","1.52492","1.27439","1.49679","0.51587","0.8537"
"TG 52:1","0.83569","0.84942","0.82282","0.83315","0.50106","1.08529","0.36549","0.85612","0.53908","1.1758","0.36549","0.63849","0.30963","0.26245","0.68753","0.63649","0.46538","0.83759","0.52892","0.67943","0.5302","0.8739","0.85673","0.6721","0.66181","0.4456","1.10037","0.41162","0.49831","0.6149","0.45939","0.88366","0.25768","0.94349","0.38382","-0.00436","0.77743","0.93197","0.71265","0.92942","0.01703","0.03342"
"TG 52:2","0.15534","-0.03621","-0.29243","-0.4437","-0.3203","0.28556","-0.58818","0.14301","-0.59424","0.29885","-0.5865","-0.16749","-0.45613","-0.69774","-0.20682","-0.30103","-0.41946","-0.29243","-0.35655","-0.62497","-0.70856","-0.81702","0.07555","-0.16749","-0.59306","-0.67978","0.34044","-0.56748","-1.08835","-0.14267","-0.35655","-0.04576","-1.04965","0.08991","-0.58229","-0.47145","-0.7337","0.17319","-0.79774","-0.50331","-0.90985","-0.44861"
"TG 52:3","-0.30103","-0.32529","-0.6237","-0.07058","-0.51284","-0.10237","-0.43494","-0.60206","-0.49485","-0.23657","-0.55089","-0.56864","-0.79346","-1.10581","0.06446","-0.3098","-0.37675","-0.22185","-0.63827","-0.71151","-0.50864","-0.45593","-0.44581","-0.42022","-0.73672","-0.22915","-0.11919","-0.48471","-1.1309","-0.60206","-1.39277","-0.50864","-0.45399","-0.27572","-1.05593","-0.46145","-0.68824","-0.3279","-0.63147","-0.25964","-0.58286","-0.72138"
"TG 52:4","0.32222","-0.60735","-0.20066","0.47276","-0.49329","0.62428","-0.7516","0.04532","-0.11351","0.40993","-0.70157","-0.02228","-1.10651","-0.71571","0.43297","0.2833","0.00432","0.19866","-0.13668","-0.33724","-0.1549","0.23045","0.19033","-0.03152","0.0086","0.02938","0.60638","-0.74334","-0.35655","-0.14874","-0.68839","0.20683","-0.68335","0.38561","-1.16732","-0.7822","-0.17393","0.26482","-0.77752","0.1959","-0.55997","-0.7399"
"TG 52:5","-0.34679","0.13988","0.16137","0.46389","-0.64053","-0.46602","0.31597","-0.74123","-0.80324","0.42488","-0.98631","0.08279","0.21219","-1.07971","-0.30773","0.19866","0.32222","0.76418","0.1038","0.08279","0.52244","0.40993","-0.53547","0.39094","-0.64521","0.65225","-0.47144","0.23553","-0.4318","-0.77892","-0.76617","0.15229","-0.67635","-0.35655","-0.54262","-0.25181","-1.05672","0.37475","0.11394","-0.75877","-0.60884","-0.47778"
"TG 54:2","1.75656","1.51402","1.49955","1.73576","1.52101","1.79491","1.32756","1.60703","1.4618","1.77422","1.3092","1.4484","1.26928","1.0461","1.72008","1.75997","1.29579","1.7471","1.26576","1.43981","1.41044","1.77692","1.72123","1.55666","1.68815","1.52647","1.87639","0.97543","1.49955","1.44576","1.32449","1.70312","1.30233","1.65234","1.32919","0.88874","1.71675","1.63839","1.48029","1.72795","1.10346","0.83696"
"TG 54:3","1.43791","0.79379","0.62014","1.44358","1.3881","1.40157","1.24724","1.4128","0.76938","0.98","1.10346","1.25792","0.9248","0.93044","1.32899","1.60531","1.04727","1.41764","0.91645","1.19976","0.66558","1.18327","1.60314","1.27989","1.31618","1.17231","1.49845","0.48855","0.24304","1.30038","0.99695","1.23325","0.85309","1.28646","0.26717","-0.0655","1.40603","1.031","1.31597","1.40824","-0.16749","0.54033"
"TG 54:4","-0.73332","0.00432","1.07918","1.05956","0.3962","1.15685","-0.18709","0.07918","-0.75141","1.04258","0.26007","0.29885","-0.29243","0.24304","-0.36631","-0.97099","-0.49212","0.51587","-0.14267","0.96047","0.06819","0.98632","0.56467","-0.10237","0.35218","0.26245","0.88762","0.08636","0.28103","0","-0.68045","0.97772","-0.38662","0.20683","0.14922","-0.46852","1.25648","0.90309","0.3962","-0.71242","-0.41576","-1.15346"
"TG 54:5","-0.62683","-0.40936","0.31597","0.4609","-0.86186","0.44871","-0.3861","0.15229","-0.61114","0.35025","-0.76285","0.07918","-0.40791","-0.89165","-0.93945","-1.02758","-1.09631","0.26951","-0.74528","0.32428","-0.64407","0.13988","-0.45959","-0.70263","-0.58626","-0.67834","0.35984","-0.51428","-0.97846","-0.07058","-0.38722","0.0569","-0.84947","0.24551","-0.80498","-0.86548","-0.03621","0.57403","-0.27572","-0.33216","-0.52855","-0.34827"
"TG 54:6","-0.11919","-0.83876","-0.00877","0.50786","-0.70014","0.43775","-0.42899","-0.67153","-0.69686","0.66652","-0.25964","-0.42022","-0.7608","-0.37675","-0.41219","-0.64201","-0.76498","0.7839","-0.77174","-0.59279","-0.13077","0.3927","-0.73564","-0.88892","-0.32818","-0.7468","0.26717","-0.58955","-0.837","-0.72784","-0.80583","0.64738","-0.6597","-0.43891","-0.53471","-0.72886","0.68842","0.47276","-0.64681","-0.46031","-1.3293","-0.63973"
"TG 56:5","-0.36653","-0.29852","0.63548","1.34005","-0.46537","0.8169","-0.67515","0.46389","-0.61979","0.44248","0.2014","0.16732","-0.50578","-0.37675","-0.43114","-0.11351","-0.58354","0.42975","-1.04666","0.935","0.09691","0.93044","0.39794","-0.10237","-0.35524","-0.60206","0.79518","-0.73167","-1.30103","-0.77563","-0.69558","0.34635","-0.00436","-0.22185","-0.76531","-0.09691","0.74194","1.20493","-0.23657","0.17026","-0.11351","-0.396"
"TG 56:6","-0.07572","-0.50591","0.81757","1.15381","0.2878","0.63548","0.18752","0.40824","0.01703","0.91751","0.24055","0.75282","-0.16115","0.04532","-0.04096","0.76567","-0.20761","0.6902","-0.3279","0.99651","0.43933","0.40483","1.0249","-0.35655","0.39794","0.13988","1.05614","-0.284","0.21748","0.67394","0.62221","0.87852","0.03342","0.19312","0.13988","-1.31918","0.63448","0.78533","0.68842","0.10721","-0.49262","0.0086"
"TG 56:7","0.64048","-0.12494","0.71349","1.04415","-0.42022","0.89042","0.27416","0.63849","-0.68194","0.9722","0.35411","0.7679","-0.94209","0.24797","-0.11919","0.15836","-0.23657","1.08171","-0.35655","0.67117","0.29885","0.79727","-0.07058","0.61384","0.0607","0.36922","0.52634","0.14922","0.50106","0.7185","-0.08619","0.71181","-0.20066","0.61278","0.11059","-0.30103","0.88252","1.08386","0.51322","0.47276","-0.11351","-0.22185"
"TG 56:8","-0.98327","0.01284","0.44871","0.64542","0.0086","0.72997","0.07555","0.42651","-0.34679","0.63448","-0.04096","0.31806","-0.54306","-0.02687","-0.29983","0.15229","-0.14267","0.7332","-0.3279","0.5172","-0.42288","0.52763","0.34635","0.26717","-0.31013","0.07918","0.61384","-0.16115","0.1038","0.33244","-0.05061","0.26717","-0.14267","0.32428","0.06819","-0.68198","0.55509","0.74507","0.45484","0.49276","-1.39357","-0.47858"
"TG 58:11","-0.73866","-0.48142","-0.61979","-0.24413","-1.03197","-0.48149","-0.46528","-0.49485","-0.71715","-0.58503","-1.23697","-0.55284","-0.41648","-0.75073","-0.36688","-0.36653","-0.4489","-0.00436","-0.72324","-0.5376","-0.50704","-0.09691","-0.74029","-0.4318","-0.53694","-0.77339","-0.24413","-0.7472","-0.67778","-0.88606","-0.67778","-0.65975","-0.71033","-0.91262","-0.61194","-0.52102","-0.55284","-0.01323","-0.4437","-0.55284","-0.78566","-0.33191"
"TG 58:5","0.11394","-0.16749","0.17319","0.47567","-0.08619","0.39794","-0.06048","0.16435","-0.92244","0.02531","-0.10237","0.26482","-0.38771","-0.14267","-0.09691","0.4609","-0.52174","0.45788","-0.84087","0.0607","-0.23657","0.52244","0.07188","0.02119","-0.33059","-0.04576","0.49276","-0.4524","0.08636","0.23553","0.10721","-0.03621","-0.30103","0.02119","-0.03621","-0.43993","0.38202","0.52375","0.36173","0.37107","-0.18046","-0.4776"
"TG 58:7","0.29447","-0.08092","0.48572","0.71933","0.28556","0.63649","-0.00877","0.48144","-0.13668","0.14922","0.11727","0.37291","-0.19382","0.18469","0.26007","0.42813","-0.42175","0.5611","-0.34679","0.36736","0.11727","0.69984","0.33646","0.02531","-0.07572","0.08991","0.66839","-0.25181","0.20683","0.43457","0.25768","0.21748","-0.00877","0.22272","0.1959","-0.56571","0.69285","0.70415","0.66276","0.53908","0.11727","-0.20066"
"TG 58:8","0.17609","-0.59391","0.44871","0.62118","0.06819","0.68305","-0.48091","0.36922","-0.25181","0.13672","0.00432","0.24304","-0.85422","0.01284","0.22272","0.22272","-0.43301","0.54158","-0.91129","0.33445","0.12385","0.64048","0.13988","-0.07572","-0.31073","-0.01773","0.56229","-0.20066","0.08279","0.31175","0.09691","0.02119","-0.81608","0.11394","0.0607","-0.45717","0.58659","0.52504","0.57634","0.35411","-0.07058","-0.59979"
"TG 58:9","-0.82582","-0.26393","-0.08619","-0.0655","-0.62512","0.10037","-0.3793","-0.20761","-0.6355","-0.43389","-0.787","-0.39794","-0.50487","-0.82026","-0.15692","-0.72491","-0.43921","0.0086","-0.85302","-0.19382","-0.46848","-0.05061","-0.72458","-0.79916","-0.32932","-0.65819","0.0086","-0.80258","-0.4437","-0.25181","-1.02423","-0.646","-0.5003","-0.47646","-0.70728","-0.56465","0.01703","0.08636","-0.01773","-0.5115","-0.93444","-1.35433"
"FA 14:0","0.40993","0.58995","0.37107","0.10721","0.34242","0.45179","0.50243","0.43933","0.80277","1.01326","0.4843","0.58546","0.27646","0.13033","-1.45176","0.40824","0.43616","0.34044","0.56348","0.18184","0.38382","0.54283","0.82737","0.46835","0.55388","0.48287","0.38382","0.7348","0.4456","0.44404","0.25527","0.38917","0.33445","0.935","0.49969","0.29667","0.24797","0.3075","0.44248","0.65992","0.29226","0.39794"
"FA 16:0","1.487","1.52153","1.66039","1.38828","1.71983","1.67311","1.73965","1.63899","2.02333","2.18769","1.86463","1.88144","1.62118","1.33082","1.48073","1.75959","1.68574","1.66134","1.5977","1.51654","1.74819","1.88925","2.28298","1.67979","1.90623","1.56656","1.66904","1.8697","1.83327","1.75136","1.39358","1.66801","1.76916","2.15293","1.94734","1.48671","1.58274","1.67997","1.75128","1.91228","1.6149","1.61669"
"FA 16:1","0.66932","0.82217","0.51455","0.40824","0.77743","0.83187","0.77452","0.73957","1.21854","1.68878","0.81158","1.02119","0.39445","0.13033","0.62428","0.78462","0.73078","0.51587","0.71684","0.25285","0.79657","1.09864","1.37236","0.84942","1.00432","0.50106","0.82802","1.21696","0.74429","0.78746","0.23045","0.65896","0.97727","1.50256","1.08884","0.07918","0.58433","0.72673","0.79588","1.17289","0.52504","0.62531"
"FA 18:0","1.04961","1.02653","1.25983","1.13672","1.24502","1.25455","1.27623","1.21958","1.64147","1.58501","1.37383","1.34616","1.19673","1.00647","1.05461","1.28285","1.16584","1.21511","1.22763","1.12418","1.40841","1.52789","1.51481","1.26553","1.44138","1.19396","1.30557","1.38507","1.37712","1.27761","1.1089","1.25696","1.344","1.32449","1.34947","1.10517","1.24822","1.32201","1.33766","1.20112","1.16406","1.22115"
"FA 18:1","1.63879","1.58737","1.72705","1.47958","1.97653","1.75868","2.00126","1.72123","2.28037","2.57785","2.08322","2.06435","1.80271","1.38399","1.66904","1.96741","1.78661","1.81968","1.71273","1.67237","1.82125","2.11227","2.60236","1.82367","2.06021","1.66521","1.8704","2.07918","2.07276","1.96218","1.56289","1.88835","1.96914","2.33738","2.21696","1.58024","1.79616","1.824","1.98182","1.92531","1.83225","1.84429"
"FA 18:2","1.06819","1.08314","1.45864","1.07151","1.54937","1.28375","1.62024","1.26505","1.79225","2.24428","1.71725","1.6766","1.41731","1.05154","1.0026","1.46835","1.38256","1.46568","1.17114","1.48416","1.20466","1.65801","2.07929","1.34792","1.62128","1.13418","1.31681","1.7209","1.70088","1.46716","1.26102","1.40637","1.40483","1.8604","1.79365","1.21272","1.36661","1.35774","1.56937","1.35372","1.41414","1.4612"
"FA 18:3","-0.6021","-0.34886","-0.74691","-0.78389","-0.63603","-0.50128","0.20952","-0.86689","0.2833","1.2003","0.22011","0.33244","-0.42707","-1.27662","-0.35663","-0.94597","-0.74883","-0.5792","-0.92374","0.06819","-0.5232","0.30103","0.82995","-1.1685","-0.31913","-0.6666","0.18469","0.83506","0.23805","0.12385","-1.06148","-0.57835","-0.53304","0.78032","0.57634","-0.49236","-0.64512","0.13033","-0.70982","-0.44149","-0.51625","-0.33592"
"PI 34:1","0.60531","0.56348","-0.55877","0.42325","-0.37634","-0.55491","-0.59709","0.77159","0.48001","0.71181","-0.54454","0.53529","0.60423","-0.71864","-0.67683","-0.93466","0.81491","0.50651","0.5302","0.4216","-0.42627","0.67394","0.75051","0.59988","0.66464","0.57978","0.67761","-0.56794","-0.90992","-0.96352","-1.00124","-1.43659","0.66087","0.52634","-1.11196","-0.64376","-0.90353","0.53782","-0.59382","1.11093","-1.027","-0.63889"
"PI 36:2","0.65031","0.67761","0.69723","0.70243","-0.67416","-0.80675","0.68931","0.79239","0.7007","0.8657","-0.687","0.69723","0.8293","0.36173","-0.25558","0.60638","0.97359","0.67117","0.63246","0.88309","-0.52466","0.59329","0.93752","0.64444","0.73878","0.60746","0.74273","-0.50168","0.64345","0.68215","0.39967","0.6464","0.61384","0.8848","-0.54008","0.57403","0.40824","0.64836","0.58659","0.95809","-0.41276","0.77815"
"PI 36:4","0.97543","0.84696","-0.59835","0.89487","-0.97389","-0.55061","0.65031","1.02531","0.60959","0.93902","0.47567","-0.92202","0.66181","-1.15841","0.83506","0.67669","0.63548","0.57519","0.67302","0.56937","-1.14806","0.83696","1.2188","0.60746","0.8202","0.62014","1.07262","-0.49466","-1.04768","0.55751","-0.84984","0.74429","0.98543","1.00087","0.75511","-0.97532","-0.66344","0.80754","-0.58581","1.29469","-0.80379","-0.52966"
"PI 38:3","0.91275","0.67943","0.03342","0.18469","-0.30911","0.20683","0.37107","0.90741","0.36173","0.60746","-0.61894","0.6721","0.38917","-0.09151","-0.45347","0.63347","0.48572","0.48572","-0.14267","0.4133","-0.86737","0.75664","0.67669","0.53782","0.48996","0.60097","0.66839","-0.6351","-0.21467","-0.7224","0.2014","0.26951","0.0086","0.69897","-0.53441","0.25527","-0.63833","0.27875","0.08991","0.68124","-0.284","0.59218"
"PI 38:4","1.68753","1.5084","1.60065","1.52492","1.40993","1.46894","1.62335","1.70544","1.64355","1.42521","1.4504","1.56122","1.49734","1.24674","1.30211","1.64128","1.613","1.47611","1.40037","1.67173","1.13704","1.6169","1.6468","1.28623","1.5027","1.55328","1.61215","1.04179","1.36286","1.62951","1.28103","1.51001","1.60638","1.71883","1.54851","1.44824","1.34928","1.5244","1.54925","1.75412","1.33082","1.54949"