sample_name	group	PC1	PC2	PC3	PC4	PC5	PC6	PC7	PC8	PC9	PC10	PC11	PC12	PC13	PC14	PC15	PC16	PC17	PC18	PC19	PC20	PC21	PC22	PC23	PC24	PC25	PC26	PC27	PC28	PC29	PC30	PC31	PC32	PC33	PC34	PC35	PC36	PC37	PC38	PC39	PC40
JV-015-RAN-IC-M2	2	-7.464363553729339	0.9989404619491639	1.830131853533926	-2.0601752022161066	0.18693213703422532	-2.024247240153125	1.1923572368191162	-0.5259431772207726	0.5246663246052595	-0.6336624919538248	0.20852186172567277	-0.053098549467889646	-1.4948462065254866	1.013941101703362	1.9290123064223428	-0.6225429314242906	-1.081880312335108	0.8029082230695215	0.6931081515733151	0.6464361042577795	-1.3498108961114423	-0.8131869112312092	-0.6915231886674941	0.8498586037030652	0.11037752934504959	0.4351472130251867	-1.4558441342259243	-0.73921328152932	-0.19593940699056325	-0.16644620306616364	0.7426486309713067	0.36179859783018176	0.023202223034412175	0.03299805147830499	0.2470659350210133	0.5966197416713425	-0.9815028977459659	-0.19668146353015942	0.41708635089193147	5.001644334748529e-15
BS-007-RAN-01-M3	1	-7.7260710591494854	2.9302569506945737	-1.9501283554080882	4.1924692877474286	0.306811952680944	0.42965670962390756	2.2585442288477378	-1.1095861169321892	-0.02338445663469375	1.6825793351699834	-0.17872536562716146	0.009146925483926316	0.8001603540193304	-1.7288002965820533	1.7775572269646902	-0.06788257328655338	1.2596432982928005	-0.12855462853729507	-1.8940091628038394	-1.246122430533754	-0.9295495297356731	-0.18959732591342368	0.7651044937145384	-1.4947478475766314	-0.25539012883947765	-0.15959038311607046	0.2916885312376119	-0.7479749927415872	-0.2501793581632103	0.39896448495648446	0.3273518457862298	-0.1212705320720766	-0.3456080276395235	-0.5115146309579165	0.9556092288274789	0.02839051216435725	-0.07054566807659819	-0.2794927097731651	0.22928846970164543	5.270724131614843e-15
BS-007-RAN-02-M3	2	-5.841035415766368	-6.705594444105681	-0.5440125211144207	-3.6007634110685443	1.700274511760319	-0.8930055610659681	0.30208964532128063	-0.4877696574183153	-1.4937206770019829	0.10945165076414093	-0.2955451738468056	2.287455114201212	-0.6708354713138911	1.019202586473736	-1.870494056697883	0.07948005679160708	-0.9250014614682993	0.26366312091181915	-0.28822811113279156	-0.05040341154476554	-0.6172102719517372	0.09802034505594256	0.08771882813733985	0.3858942179144777	-0.8220572947967449	0.42398163580793485	0.9391195078080097	0.7933649418894652	-0.09113215590885075	-0.062237641856424164	-0.5286442426329673	0.04776367574521824	-1.317472444606313	-0.028444916959949117	0.856487275314489	0.10427976759907538	0.22712610527246752	0.3759332554894138	0.5793315066420541	5.327658510567224e-15
KT-004-SOC-16-M1	1	-6.884721610919206	4.809381935843359	-2.27127740950127	3.6579922040875483	0.26942917898347085	1.7734109842495507	1.093124243082023	-0.804099648006282	2.529169186140288	-2.278025763143653	-1.2548544995306117	-2.7983088990523126	0.059128638031909785	-0.09854920379901752	0.4861831255866162	-0.2436145917465955	-1.1040671431021603	0.9877529630631217	0.48125718831963094	-0.8712997255262853	0.05497048188689049	-0.3966290918053086	0.6950190040677926	0.9991553650181692	0.13228568126096577	-0.04846740682107969	0.37241772149829194	0.9975100104163185	-0.2880500112579711	-0.5775322092370092	-0.4471905923337194	0.706176694843952	-0.6735669716187868	0.9744602255482389	0.13235339219040917	-0.4441473136559473	0.09095481342180152	-0.22671655353863662	-0.03880170708583345	5.394081516020226e-15
BS-135-RAN-IC-M3	2	-7.206548164093597	-3.7535205433088157	0.36167930932211023	-3.0566571946822116	0.21430516336038696	-0.6880206037529847	-0.06666042672630718	0.5815926551846753	-0.7703645019150318	0.5787168846352615	1.0827667745957317	0.8242123858252985	0.33534074129682706	0.07808200506764326	0.9205349510431531	1.0743259069413287	1.3959036653296422	-0.11164185113038441	0.9848622073310114	-0.44881584723916174	0.44690532820710127	-1.1700151747074696	-0.18636263488406604	-0.36201413248756775	0.3135150011628179	0.19280576937584212	-0.6577791107299187	1.0867326094850742	-0.3148052989744364	-0.8677170914038358	-0.23867078389648422	-0.038733099610862964	0.8540921592289913	0.3661121588626432	0.5296914575927224	0.24966789175586054	0.8453389087460931	-0.9881133998175289	-0.14659818656816445	5.050684214808632e-15
JV-070-DAV-07-M3	2	-6.921032223788521	0.7058859031119387	3.074128556046293	-1.7479117727805507	1.6416667856448237	-1.1978995999260194	0.9582304757455063	-1.1452919047635983	0.4505456482167289	-0.3324278002906601	-0.21859677378132353	2.065040336867635	-0.4559232199428727	-0.35923744813277825	-0.27444726461645386	-0.2804899832741536	-0.7063022495037087	0.15035737112782285	-0.46960972123419453	-0.7377842723036028	-1.4927667785879326	1.7505717035566553	0.059858342522050294	-0.46258451865061706	0.2795061926626142	0.6043075418685927	0.502427660746181	-1.3476270179187697	0.20609732866485872	0.10464590874029615	-0.5521580255685865	0.13488165591209825	0.16153587908767061	0.7344751976825729	-0.9660615122358164	-0.4558443747455767	0.3401537440113197	-0.7008150985153369	-0.0208666448548023	4.955327872217819e-15
BS-129-RAT-10-M5	2	-5.728271049868451	-1.644710646242353	2.4112261606683316	-2.097694499890989	0.5012433412430666	0.10241796267213547	-1.4756141643951093	-0.19930766509399497	1.4584429067537021	-2.644804735824015	-1.3809868426199796	-1.711300594751161	-0.9319811258051577	0.9946932426567876	-0.8392841733495017	-0.974719968822263	-0.42279948159572	0.020258247647668898	-0.06309893295631964	-1.6886859566322852	0.6481459483246106	0.7185438636013806	0.10560573606131464	-0.36873079958835264	0.6229283878908644	-0.8330541217393057	0.48916166850565435	-0.7019538176704252	1.161380663688605	-0.8979127876883376	-0.022353767455493802	-0.32061910527666754	0.7264007432916368	-1.0536537653344105	0.5250169281706962	0.2739419466660851	0.10620094357926405	0.12185697937111302	-0.0077845850395204	5.1960521818525445e-15
JV-036-SOC-10-M2	1	-7.460124464147685	0.4524738123172439	-2.4571091904285143	2.5066580107985263	0.32051143989964764	0.5226803534410086	2.391250635552535	-0.43345516615326424	-0.6355865580130718	0.6389215364555794	1.3509300805661029	1.2474421310611723	0.459373892181328	-0.4886357396917682	-0.8376629947720874	1.053001793572334	-0.7538985086744285	-0.115914094980328	0.4815142042465092	-1.4228122313047828	-0.19189619665109298	0.12916406845587167	-0.21328794614669985	0.15594229980325433	1.726827394885711	0.7171914700691496	-0.4251480931430618	-0.21241620871344438	-0.16504804834846715	-0.32304940571371105	0.3685246373152118	-0.2689567045885737	0.5952606039513385	0.5886163528656657	-0.017705196879422163	0.4346983292091818	0.21765894669178573	1.2527322674525148	-0.18165385872167392	5.208602277899171e-15
BS-126-RAT-05-M2	1	-7.870069807200865	0.17223628887629797	0.582715712250471	0.02338701615019698	-0.8832823685706804	-0.4783535863330051	-1.385797767669236	0.11802236667074922	-0.47496627770432936	0.8915197325918878	-1.6387293926392132	-1.0171704731749616	-0.42215980247318885	-0.22797576688069549	1.5279629554591148	0.43536406105004727	-1.2816578744161744	-0.8619152524795883	-1.5739627093865736	1.9179634286559102	-0.27273244387661233	0.7341363715136006	0.8286975499458947	-0.8339458181200405	-0.33733829172635116	-0.2701527558359222	0.80407005162382	1.272630286377634	-0.21609372405752206	-0.2809538684614199	-0.46638865976159827	-0.5606790456217721	1.0841636442610458	0.5369666052540872	-0.29117510449242034	0.5677302154109161	-0.31730950814213005	0.29836682885117993	0.3031819668243401	5.059594670253246e-15
JV-017-RAN-10-M3	2	-4.370211973500167	-1.8048635602809397	3.492844431903537	-2.3763064493151145	2.1164306236943844	0.4214939037151398	0.8523145887924283	-1.5239715025730138	-0.8735657304297142	-1.163600516346951	-1.2522753475990422	-1.4823521065184633	0.46468810489164897	0.45305738665990103	-0.3651639257125251	-0.91339362250958	0.6301835388320123	0.12790233520653108	-1.0192780634995455	0.575573436398684	-0.4532908351285132	-0.24605938403268462	0.9097060601060822	-0.9746799256932682	0.9006831369064499	1.1296180478672648	-1.3922366112897486	1.2828864678312635	-0.17993008489926526	0.8845142865625398	0.3250076127144651	0.45190902685479695	-0.3459089991600997	-0.7131200090834703	-0.44064908866009506	-0.2708606820547694	0.28889558000999566	0.2853679108706269	-0.40354356934847374	4.86279679242638e-15
JV-070-DAV-04-M1	1	-8.557052024528192	6.391785341415559	3.161481026343345	1.30964168511001	-0.622402463862826	-0.9452536592979975	-3.8234140652500894	1.7329751184363773	-2.3677030463852495	-2.28779545834712	0.7662444735024828	0.7496537805821722	2.010282434577588	-2.351843957250885	-1.4664606513795013	1.360684415515292	-0.8605639361717874	-1.4091847940349738	0.09193763397504014	0.29017030718368547	-0.5012534987855524	-0.06087875998994229	1.2436610955032872	1.106832633690715	-0.28107590603214155	-0.7048851445894811	-0.7097002070943617	-0.2448931390886756	-0.20845721201156125	-0.04148966687236869	0.23129768931427477	-0.12557383570881253	-0.37674900992479726	-0.31912340281984525	0.023774360221980043	0.1464632059123883	0.017015662162917063	-0.1739549583701076	-0.06097667162669792	4.981635728826352e-15
BS-356-RAN-03-M4	1	-7.940347268501136	0.07260743129764814	-2.1264209799246974	-1.508682460912836	1.680126508774774	4.629255304497568	-1.5535766238813211	-0.6744985193598289	1.0413812699234366	2.428728962457593	-1.6381076957009997	1.3007578602453913	-0.09557647904902253	0.11588051424412232	-0.17945343843640488	0.12510784045952092	0.10783043441610385	0.5905358941070846	-1.719405023720278	-0.3725563436790497	1.3965036950467165	0.562471266114797	-1.043733953723435	0.9748471413369699	-0.21208491178544533	-0.9894151351407635	-0.7736121697219448	0.04583556600826403	0.031278758822127016	-0.03720771571649577	0.42476135423308525	-0.04644612697761649	-0.6353181764704393	0.01990825499049512	-0.5159064608835271	0.7441495262900656	-0.03196303872456975	-0.2705926177798944	-0.3385147307838954	5.2481033740043365e-15
JV-090-MIN-IC-M4	2	-5.191031646387558	-2.7400972849186016	1.3338501143596837	0.07519413156287674	2.2442441003322084	-0.600162541606627	3.8991091404865514	-0.07263703310377606	-1.5094180881586603	0.2540666326468434	0.712412923932071	-1.127320275257307	0.3897194613531106	0.24331754987386084	-0.4640609613847161	-0.1954491170426216	-0.1751271541365848	0.698264547015583	0.7377212206118255	0.1676055032985187	-0.1488678103654833	0.17274242811271923	-0.08417878064069023	-0.09913909809063534	-2.4262271076188835	-1.7843853507102894	-0.6478332107480262	-0.032208358723928375	0.7847056137439581	0.37654371452049346	0.5341244421035856	-0.27472206214189643	0.49317062504486353	0.5270536908854193	0.04137071426884105	-0.47328393718010664	0.15444436453536545	0.3218385563995549	-0.347116093773798	4.9061124656790064e-15
BS-391-RAN-06-M2	2	-7.0458268463076905	-1.723697170269443	-1.5373369210846985	3.26637662333229	-0.7654884680098257	-2.5477297272195063	2.6455935833157542	0.10186055314709083	-1.9919104690441032	0.03883048078963038	0.47248008871600505	-0.039892734712420504	0.5037903733957656	1.0042785488035357	-0.18277148617347808	-0.2480689158728096	-0.807894315488267	-0.21556530023953144	0.11226088918802664	1.15432915352785	0.7981162794909613	0.2647006464352521	-0.9156805161286888	0.05217754699226862	0.1561747271767702	0.3092105280941922	0.7511710602584347	-0.29214913232440887	-0.463285602890823	-0.30649464262546977	-1.0455408825158554	0.1850218914657302	-0.26497113047482546	-0.7241786381657741	0.0789403509630664	0.20489183805936617	-0.5061319574005536	-0.29807879504179535	-1.1215233025515703	4.873791260583901e-15
JV-061-MIN-03-M5	1	-8.905510459069065	2.034111663776064	-1.8539294681070504	2.5484589425655146	-3.693192550373832	-2.7161863050338484	-4.239487594229842	-0.3390085955857804	1.300894651917825	0.2756812715511235	0.9799386571430264	0.19853322635500406	-2.3235505133267713	-1.042049245883434	-2.793779616088652	-0.9479121316272217	1.7510283965680113	2.069041501812214	-0.14603253326118595	8.464766482701467e-4	0.014073405652864496	0.04613411029419566	-0.6542761231293819	-0.8525383535640648	-0.6266560380990733	0.43690362514926256	-0.32376452473550776	0.43193588460861865	-0.03132454492241777	0.18255406979893896	0.07315816328995771	0.14936020700394412	0.24980695475943654	0.23909547283906085	0.005418263826486748	-0.1432432851371983	-0.26173834975222465	0.08731673820875926	-0.10471108387109727	4.7966512138048214e-15
JV-070-MIN-01-M1	1	-6.891835179528205	1.5665191046629827	-1.361042620282579	0.40666209469172904	1.341140768205123	6.025497741356164	0.029935423536608934	1.144880156063308	-0.7240199685628629	-0.39224539588226565	0.2507223883588628	0.4948043228928725	1.7963467624024294	0.021570645174637925	-1.3861139781811045	-2.2280847903016405	0.16039176036429342	0.1773726234116912	2.3503753663379827	1.4808384576581868	-0.16054505599709235	-0.36887283204843396	-0.362783200985827	-0.9662206336803336	0.5363968797865355	0.24554327271540535	0.5877614276190137	-0.152108198296745	0.1957780588320783	0.4705571104620422	-0.029619954381954406	-0.501692233254202	0.23415060658670203	0.040878020062221326	0.03965336250582835	0.029585567516845847	-0.33630139974740764	-0.2880449646226987	0.3809284009442694	4.937644156525174e-15
KT-004-SOC-14-M1	1	-8.7529532862660009	-0.5843822775461958	-1.2394493551836891	-1.703211871289588	-0.141166663361468	1.3103297071451756	-1.9409850518191984	-1.189501241799637	1.5755441673991073	1.746959603646672	-0.25466688340435784	1.2080813624316393	0.03817871579586468	-0.5896373113009135	1.5633813240989145	0.800757072485618	0.11099518568997593	0.12276764549228827	0.5330648782048613	0.1844687874861779	-0.44845046682226497	-1.1292899836516475	0.2919797325632347	1.7658246081114126	-0.30028036594717283	0.32056002114300663	0.8032496605987592	-0.12812639460265457	0.48265889931630473	0.7336942787067201	-0.4781529971208664	0.6583549833753322	0.9793693224852481	-0.8513181786990237	-0.018259519151499454	-0.8669284386130234	-0.018915697610123145	0.364701502128669	-0.1469633649037201	5.299497632576001e-15
JV-089-SOC-04-M1	1	-8.367247046705337	1.6092465541428305	1.359963970667548	-0.3158705175526347	-1.7493423483757897	-1.1927215544261442	-1.4646861407193303	0.7452722589239263	2.300952049425635	-1.2907512627588127	-0.25092867278347647	-0.022014406513894517	0.14066161967223398	0.90764549549799	2.584728384901102	-0.44782211340580874	1.694778696344345	-1.2589564646863904	1.4310301032091304	0.9926919252369186	0.5184172546574823	0.4619148744984927	-0.7715888486139497	-0.4207309909231524	-0.5191882224845198	-0.06182886819469162	0.5246722079593281	-0.7902617107374249	-0.5741290541850117	0.2669592149203695	0.3144740539385887	-0.012603857568078332	-0.8866339241129961	0.1942586874430465	-0.13367195265976364	0.30794531562582933	0.8555291828110482	0.610454760759628	-0.0849575126194249	5.290273748518476e-15
BS-472-RAT-01-M1	2	-6.625600138517201	-4.241945395752246	-3.4749809617751746	4.625019687154465	-0.954565096033609	-2.085806287217231	1.648630752287466	-0.43879735883958837	-1.573758409939272	0.3698497908407748	0.6314645267090094	-0.8649418939086702	-0.24702996090081988	1.2602702615652532	-0.5538278227955117	0.21513619599002315	0.38409569549028677	-1.00187758569055	-0.05030679086572582	0.1416207493612029	1.2656531147479118	-0.014278959946486222	0.08620985500898094	0.6374915276613778	0.23736566707242487	-0.03347384659281612	0.07800129531686843	0.10085900042322489	0.4248900159770107	-0.13511176099955396	0.6965059840575665	0.31949410732028943	0.016779429406462605	-0.6249132312571222	-0.9768717772777173	-0.1970097409450398	0.317466526478248	-0.33163631347869443	1.0039354049441351	5.482672566220824e-15
BS-172-RAT-10-M3	2	-5.830387268455368	-6.723867693967814	0.4438537965357565	-3.4626475378222117	-0.3390449081077593	-0.5848619244623378	-1.6497505996103583	1.7500584293131476	-0.6583321067904571	1.0974249870032815	0.16844273154800574	-1.541478639250225	-0.4529482755191497	0.1433889547500716	0.22262277703009145	0.6439281322604099	0.35192273623331977	-1.17710580271924	-0.24367246201640122	-0.8276990676881543	1.1583197225990671	-1.0085398367294247	0.3384089120414082	-0.43371114505306446	1.010620168335875	-0.3457406930751045	0.041151879515046376	-0.6726995004659414	-0.3396809620632714	0.08543442550777777	0.020514131195294587	-0.8661204852799707	-0.6702683633497973	0.7159039874200649	-0.08786117459361975	-1.01800125344738	-0.838686251548935	0.06363760719008553	-0.07039670976812919	4.987758636054891e-15
BS-082D0	3	5.533953992670202	1.4550516025802804	1.7789576111416454	-1.4028163043816035	0.4717287020417451	0.657435790328231	2.2607250366359146	2.0782155956364585	1.6761797226485224	0.801552769471354	0.7081847187761388	-0.4239669574645437	-1.1190894839806063	-0.6407091005422169	-0.46492783640110985	0.8960993948889875	0.33670693943202273	1.942676425893951	0.47433866672627634	0.2330060934889613	-0.8240148216516748	-0.06870012209983907	0.8406067029189094	0.40921093679762477	-0.23883293529678176	0.1975173771999341	1.1472028335728528	0.2677389335050012	-1.318100936343315	-0.8983714468500258	0.9960653455627166	-1.1122746412883087	-0.1720064155097942	-0.809231787274149	-0.5388174610218518	-0.064187656829536	0.06338092872420723	-0.054404815737776197	-0.14448930894613102	5.021249735956055e-15
BS-364D0	3	5.562340405320587	1.0374361589828047	-4.521916410184111	-4.344292252931847	-1.862463378026801	1.1981074619352996	-0.28032825832394825	1.5079105233661596	-2.199348152701825	0.41261806322438777	2.9765075912388754	-3.4738513230735975	-0.9767117832402994	-1.8325721736142966	0.5206606101201574	-1.5029794770886242	-0.6386514922926725	-0.603482757076795	-1.0474554216900358	-0.04334528137496382	-0.9744896364087524	0.3056311290351395	-0.8521077133364985	0.7648950284482796	-0.08974295273199441	0.6861336194197	0.19057102070345405	-0.237916147844917	0.5970302397762622	0.2280917366702272	-0.15203236415721938	-0.046602083534681864	-0.1738212307653909	0.025008543255712088	0.003811128204794624	0.25764048418416263	0.5152363954843773	-0.05483799630272686	-0.09128324812968798	5.6211322223822845e-15
KT-313D0	3	7.097851695138693	-3.1373334999763873	-5.602728023983158	-3.9226838426199246	-0.8583474395762359	0.19533282713544667	1.574056109336932	-1.754628626143542	3.1800173822973568	-2.2300267787961072	1.6684023655257119	0.7715741106300215	1.5383445599890222	-0.12412135269459604	-0.8969572895857425	0.02202762689212346	0.5858027064733048	-0.23634352876614645	-0.9831118801170908	1.1215114941089597	1.2180809160719601	0.009240970766627467	1.9883056580398506	-0.16302149268097382	-0.7222436704681237	0.35270271071844017	-0.48286762896241003	-0.9464922328049279	-0.3388150708140439	-0.35324915791236805	-0.18072035198951827	0.3105354347928941	0.3160586413652899	0.1806422333693695	-0.0019705528652760543	0.20120958546365228	-0.23747297351386082	0.05675030460616163	0.013792378741012266	5.808924995240016e-15
KT-412D0	3	9.54838149477996	5.92883875722815	-3.92979888949126	-1.6255009711298394	0.7194601650695814	-0.3906983183895787	0.9249974120330601	-1.5174080942163466	-1.7869055566333663	-0.36401965002385345	-2.68895833179163	0.9684444979317091	-3.3261623325603455	-1.2835773283097045	-0.27928125138725735	-0.3692909763459696	-0.728226234603982	-1.9719751279522986	1.8103222954474059	-1.124855781575438	0.7328606079845779	-0.7812362918178141	0.49680574067459177	-0.6559880212227547	-0.6176988212900189	-0.16627112590175813	-0.06317199595677683	0.05981563344855602	-0.6688962859439826	0.4804998766152703	-0.03465431517992634	0.04687257246863496	0.1388405045030641	-0.1577374285496801	-0.24517311334709038	0.20915891422895047	-0.03116270175708702	-0.06754764137262727	-0.12125580973687977	5.68899910076096e-15
KT-445D0	3	9.451717068460024	3.539772320180381	-3.262552166084376	-1.2387808330257162	4.0520310004540185	-5.573790503955468	-2.464986425472742	-0.3584795910992642	-0.6895167938799578	1.972199276410582	-1.1737851766836065	-0.4899943567703783	2.602991489292723	0.05107875845128198	0.6423726422754117	-1.3755742578862904	-0.20129020733064812	2.1340233788167744	0.8112681370854398	-0.0417646819465802	0.6435160697888779	0.3440137134869731	0.7281219128622762	0.41502835454726233	0.8182198695889733	-0.25363153876444355	0.2800391297984614	-0.07122338557159096	0.19215794315607365	0.4235827016270528	0.15068769517970548	-0.31653671386973514	-0.03471443806125322	0.1718939507128593	0.07270900569790431	0.21539062164454975	0.13114696173656937	-0.02323637565352634	0.0379807447121724	5.856313960686422e-15
KT-537D0	3	6.795158372049337	2.3303905849168407	-2.1894862679545515	1.0419604659653066	0.9046617452446488	1.15090169102979	-1.4912368790815405	2.978868334406379	-2.5938133329415147	-1.1056206404906668	-1.673486968471496	0.7616732245366676	1.022966375250208	1.275789787901738	1.4313673098320423	0.7693062453189942	1.2499361760158347	0.38500496328998357	-0.16102254496254384	-0.9766276161382008	-0.2261447815288926	0.18850042000508424	-0.11968713286957211	-0.3498660453464679	-1.412151716598544	1.8292741207477925	-0.31406432623959313	0.002806682922279313	1.0312103606248624	-1.0882809239946276	0.0052719162225040314	-0.01923704627291935	-0.07736126800262376	0.019429823540965587	-0.29823178296941794	-0.20282328497596638	-0.3982184720636008	0.2109103136066073	-0.06858236841245466	5.137209137269946e-15
KT-538D0	3	7.923952986991015	2.4847415771306496	2.7234064024777878	1.3052713318771954	-3.5846567798722164	0.24117737212172108	-0.21303444174086153	0.719639772404114	-0.7188709265242915	0.4848630283468442	-0.7882972900668332	1.0044952862875844	0.17085632378748927	2.2273305875217955	-0.8650988284296248	-1.075777068654325	-1.1186155418960528	0.3941156059963557	-1.6619287720035587	0.31083997815767334	-0.31732093793411675	-3.026306348296229	0.413097556750322	-0.24519621071658787	0.12269992721925778	-0.30831452257038716	0.6880142352928642	-0.753887429005757	0.38238398086175485	-0.03893856753301181	0.4171177797800248	0.2420516731884749	0.07507021325304294	0.44757691832989555	-0.12223841820471087	0.17022353734654833	0.5175016416652723	0.004209933157055322	-0.21292741013818192	5.188494360130053e-15
KT-539D0	3	4.506166664089474	9.086478186259738	5.219731186439749	-0.42351816666819847	3.39554661868643	-0.6175402522643529	1.414161024708446	-1.5063342809411282	1.3153778091722035	1.1267363538265105	1.2569686122844872	-1.5699532372824492	0.10690867008317816	1.1419375430281864	-1.743743984359173	1.0982671752666533	2.3633585908998276	-1.7004469465308802	-0.29671562466965373	-0.28677342303010983	0.32155221634906456	-0.3807852011541109	-0.4071123685064253	0.7721874841207045	-0.21512710945020475	0.6103001023768069	0.7334598354343244	0.22140489319250883	0.49996686019089276	0.41672060640981523	-0.42874720484416684	-0.04455357867047186	0.07787653723349312	0.31358835555993897	0.06424428182625433	0.507741256968272	-0.40924150656414704	-0.03816505427042415	0.10987489392448108	5.440290940301902e-15
KT-663D0	3	5.165372459855988	8.80955710156981	-0.2900860602131428	-0.6236941263255532	-3.4456251180988104	0.9613301577187351	-0.35796294772658527	-2.02371404520126	0.7049588090193458	2.832772383624901	1.7291885477321345	0.4423078236166083	-0.5589491327361475	2.1446932111668477	0.3358808416173416	0.7603136971274911	-1.0789514923937247	-0.3121899266752637	0.9785593359883811	0.7179855292246877	-0.2531872618098969	1.070469310469227	0.8060730062981412	-0.7959324871823137	0.42686199705692585	-0.5033692428850292	-1.092429770007332	0.3124803430607807	0.8405120720952531	-0.6245481870418227	-0.4020290408814289	-0.2954122860032886	-0.619454160061927	-0.3398119015849987	0.20797049982825425	-0.5431833193900669	0.11188189182912509	2.0909899106716343e-4	0.009022588559002174	5.6214555980716465e-15
KT-695D0	3	6.538045524345124	4.579300840170914	1.7362777898431054	-1.226532389951316	1.6897982128674969	0.3350735180190794	1.545338723095249	0.6799702531093015	-1.7727793997743524	-0.2591154924900542	-1.575476172305673	-0.04694283692500621	-0.8692437212079175	-2.1849208229032318	-0.35385339153145823	1.1309772084412975	0.6781382148349746	0.9914012385627723	-0.7753896877070264	2.150721300297262	1.1495294710564214	0.1951477541153643	-1.3761288797662794	-0.22257218734716763	0.874104274649681	-0.45604109798813974	-0.08655508139883265	-0.710100779911583	-0.13509962201934667	-0.7910793082661955	-0.07654517753185679	0.9494458150126558	0.10927661271372424	0.06636669117141329	0.412768553895108	-0.6262829668951778	0.2067296868590305	0.2538734850357525	0.33539008256631475	4.400047691097633e-15
KT-723D0	3	4.9081419557815424	5.325031485839038	-2.6331498382006764	-2.4736975464297974	-1.3979877252020054	-1.1492174097271253	0.9331330324270405	0.3384251946999038	1.0537753570987087	-3.150721755209719	1.063905524896135	1.4201934755601024	1.6892708700147376	0.7996549452433478	0.6198120626088293	0.8442495436413292	-0.5605087795569953	0.27782935849367313	-1.1152807528797373	-0.9708517052891183	-0.2707918696938449	-0.26254244767928103	-2.269262986052113	-0.5403734421760077	0.2584469612866779	-1.0332578147289844	0.2000492579293152	1.1192772664935642	-0.3947491418166174	0.763096999468078	-0.08733831223507113	-0.4378155177727179	0.1819029975938373	-0.30144339997697106	-0.25003527878268117	-0.36364296861462675	-0.22197960153574864	-0.012963029223763148	0.22445040802866503	5.317341434520132e-15
KT-193D0	3	5.833205133715707	-4.481014870426302	3.95086278279391	2.0785924021703313	-1.7174540744688787	0.4590151935142652	0.8441136072893268	0.46773804065949304	0.9856689863485427	0.2936137625574682	-0.34680620872217566	-0.8775155600162298	0.3295100651174099	-1.60018889779808	0.4000174363055177	0.9962966370227355	-0.77518711978339	1.7348038629649605	0.5843402629085533	-0.5360254818218362	0.8497562842747239	-0.8581929459319877	-0.20149143266207195	-0.277867408766898	-0.46541912045697276	0.3235090800158176	-0.9894092554655256	-0.5051289693027694	0.15324334541877732	0.5737084107090132	-1.8003322190263173	-0.6588942017373434	-0.27951441499526025	-0.3088975262517994	-0.38414767643892717	0.48696789452731054	0.1985391657209459	0.1250109027719341	0.42436257146429057	5.09973529338923e-15
KT-247D0	3	8.888098622447181	-2.785706501287563	2.725323334411603	0.6113375492534261	-2.7694112491428657	0.36416800816944433	-0.5798640786841758	-1.9296983992479761	-0.19337307697776163	1.714433191612144	-1.4326687503790672	-0.5640279195267158	2.1675646793232475	0.19370498898954822	-0.8105120335390061	-2.387592106133027	0.31109110214332975	-1.3349598775728904	-0.021019684730851872	-0.8597823709604899	-0.656638401470578	0.6758206748437375	-0.9673652011339268	0.8369821028847572	-0.5911530248702903	0.04393969406149849	-0.6027741524981983	-0.04299703617710081	-1.7110778261622617	-0.7993157757366042	-0.2004251298368259	0.009812404301530152	0.4777903930798437	-0.06321372439214357	0.13129957576810908	-0.41317191325244684	-0.022545884332472434	0.1424221809530033	0.19814021372648	4.705283801093319e-15
KT-312D0	3	9.20721526443709	-7.555549596763854	-2.80389494281563	0.837106435876601	-2.789148297047479	-0.8723507998393554	1.0507196785391764	-0.7503367103220286	1.4662220575840972	-0.3695931341176454	-3.0390344824704703	-0.13022725007504354	0.39053818766628157	-1.0945317537080326	-0.847209921477147	1.3306882986302235	1.543343764987081	-0.8217369250051493	0.7256406119868177	0.9156724723634513	-2.3389161460648014	0.04014552995952112	-0.3632100663734055	0.4182311965207753	0.8603159764415798	-0.640178157080315	-0.01765981842197523	0.21142797255048348	1.2008419934933454	0.03638692571639528	0.17908695320907866	-0.3148017415246476	-0.34205198633243344	0.1800248471972014	0.015193660680327943	0.23599816082868694	-0.11069949484000505	-0.17386669653698497	-0.23765610916257818	6.344272268565114e-15
KT-347D0	3	5.9359839071172065	-0.8406802131155844	-1.8675686062396732	2.5673604402624965	0.8080026235514164	1.1561998352694045	-0.36431510953926405	4.701188525154763	0.1015743533779453	-0.36184776463587165	-0.6433999234539234	-0.2629308266059054	-1.6448490715244473	2.8608166786151887	-0.5074926283560365	0.8406679909101735	0.4255345106845125	0.1372495858311213	-0.4586918716823894	0.16708926308805677	-0.4480677002782818	1.3035094804732286	0.7133293643664399	0.7487112548641242	0.37376681639026604	-0.17387196115943562	-0.6873806013550795	-0.4562492444790993	-0.9616194564867749	1.2842365395490183	-0.36286118184143445	0.0060956616924163235	0.58557935860193	0.08900926093825749	0.5677526341984596	-0.07073069141189921	0.24106336834258676	-0.16504688758280633	0.019621280483675133	5.1068741613824836e-15
KT-417D0	3	5.2592133721976735	-3.4798329446830736	2.65158716427811	-1.9874135666552064	-2.8900430247532385	0.8174974654090251	-0.038791153292525284	2.1113331492147487	-0.47849349144837744	1.3295522132983932	0.8949044640952352	-0.4627231846449402	1.0232428771812223	-0.21393094185700062	0.07155112009598556	0.8807706745092762	-0.19522865202163683	0.49849294673269307	1.1119311379289092	-1.2651329446858717	0.048353106797600055	0.8940282740452141	0.5116184299926373	-0.9759642290678281	0.08367281448184591	-0.6757956625034939	0.7938799670392453	0.35760224309261934	-0.11953365665012601	0.31595617124689945	0.3740425323803177	2.0678165896315637	-0.0685843054455345	0.013723559577904883	-0.19731630447475618	0.5014897116988688	-0.4478361601434874	0.028196029586618022	0.014521569229043997	5.314240476866059e-15
KT-522D0	3	11.104383033859882	-5.759117473028297	0.43263603487346086	3.107870563741691	2.769883359679067	2.248485343629586	-4.220854205209428	-5.559558315564979	-2.4581952621281045	-1.7045950507458365	2.03509210964849	-0.7434297866045392	-0.7755356841296338	0.8239595317641439	0.9262630609129182	1.5211849183689776	-0.011658431029672324	0.7758027033806401	0.17626816597855163	0.23794482301402237	-0.4888527441954081	-0.0359086489373612	-0.29672551342903003	-0.3045531938703442	0.01009145208127268	-0.2963106515429468	0.49929834325863276	-0.3867367103187083	-0.5568921868977581	0.033783976159688096	0.2601801568813785	-0.06993386934905846	0.00949043258506791	0.11235008870072125	-0.010787440486280633	0.08394113939298613	5.067546226392226e-4	-0.04920969226911734	-0.09832663562358714	5.338268912451888e-15
KT-525D0	3	8.121655055180053	-2.1093718881825407	3.300857448974314	2.404651332212692	0.09041318198166078	0.32934515165852807	1.0823416148801486	0.7876482818571405	-0.8374612763714442	-1.1870869962933615	1.9353532962249933	2.8198502125321063	-1.5771168715660258	-1.0363913864547767	1.8882137584773937	-2.848244381251632	1.6723519530197268	-0.046635936830419736	-0.41406524487140783	-0.16161019111607836	0.4933056572700424	0.324090567587226	0.9840271156321713	0.9916433409847464	0.7346168675223813	-0.9071233433790239	0.03493001757683371	0.8902991757378569	0.5273662698729547	-0.16664801370725985	-0.4183950843798728	-0.12940742994464566	-0.15826048150407157	0.14622319852619195	-0.08066875081792733	-0.010528097719290636	-0.28200743638244824	0.15432979394303334	-0.03915637155594411	4.932862761437895e-15
KT-565D0	3	8.117988184474283	-4.262097589065488	-0.2594780675418593	3.5133983322971933	6.114689830678739	-0.9930904628239036	-1.8974998530013543	2.669163128542267	4.318917195245036	1.060825041872527	1.3690170812573357	0.4211064645167084	-0.2576390327893268	-0.9091223053842887	-0.23219136487613484	-0.5006939620829456	-1.8746432792486394	-1.815173958614727	-0.16901227207729927	0.3540264149241421	-0.37894667268292115	-0.5609558737301541	-0.7863226393640114	-0.9217349885177604	-0.23768139421142404	0.1297741902029272	-0.37462291061599645	0.3151461247541915	0.23585233410606385	-0.41963026018846233	0.1844594600368439	0.4456831479791452	-0.09095015044860902	-0.1987494553237566	-0.010351200580994353	-0.16217751314119547	0.07162106547358034	-5.61344439855534e-4	-0.08108166143645479	4.6708992804008435e-15
KT-705D0	3	6.081415293518434	-1.9866604700251116	3.604832368653918	1.119442380792259	-3.075709998983838	0.2221238548553766	0.6080795936408964	-0.87073668720338	0.8411996827867017	-0.3859562654474159	-0.5361188665986547	0.7086692700387867	0.1602829732675935	-0.9674992923652459	0.36666700577887895	0.35149808267191474	-1.7108836990017606	-0.15856378330544638	0.0014968112207599433	0.17160706601010497	1.9856851975257281	1.0829786372765444	-0.33112597079367684	0.43719932692283014	-0.21912871050078397	1.6567388044607347	0.3445162893172394	0.4026096524320223	0.5754849091664552	0.8162831965240644	1.3275199033990535	-0.5101879413505207	0.14339801641736571	0.2687878204187387	0.6767691578215477	-0.23207772615604896	0.005866361702715549	-0.36415204151511593	-0.1317418867248219	5.0030680347563625e-15
